Campaign ,,,Campaign  Status,,Ad Group,Keyword,Criterion Type,Bid strategy type,Tracking template,Custom parameter,Ad type,Headline 1,Headline 1 position,Headline 2,Headline 2 position,Headline 3,Headline 3 position,Headline 4,Headline 4 position,Headline 5,Headline 5 position,Headline 6,Headline 6 position,Headline 7,Headline 7 position,Headline 8,Headline 8 position,Headline 9,Headline 9 position,Headline 10,Headline 10 position,Headline 11,Headline 11 position,Headline 12,Headline 12 position,Headline 13,Headline 13 position,Headline 14,Headline 14 position,Headline 15,Headline 15 position,Description 1,Description 1 position,Description 2,Description 2 position,Description 3,Description 3 position,Description 4,Description 4 position,Path 1,Path 2,Final URL
HeavyTowPro - C1 Light & Medium Duty Towing,,,Paused,,,towing jobs,Negative Phrase,,,,,,,,,,,,,,,,,,,,,,,,,,,,,,,,,,,,,,,,,,,,,
HeavyTowPro - C2 Heavy Duty & Commercial,,,Paused,,,towing jobs,Negative Phrase,,,,,,,,,,,,,,,,,,,,,,,,,,,,,,,,,,,,,,,,,,,,,
HeavyTowPro - C1 Light & Medium Duty Towing,,,Paused,,,towing job,Negative Phrase,,,,,,,,,,,,,,,,,,,,,,,,,,,,,,,,,,,,,,,,,,,,,
HeavyTowPro - C2 Heavy Duty & Commercial,,,Paused,,,towing job,Negative Phrase,,,,,,,,,,,,,,,,,,,,,,,,,,,,,,,,,,,,,,,,,,,,,
HeavyTowPro - C1 Light & Medium Duty Towing,,,Paused,,,tow truck jobs,Negative Phrase,,,,,,,,,,,,,,,,,,,,,,,,,,,,,,,,,,,,,,,,,,,,,
HeavyTowPro - C2 Heavy Duty & Commercial,,,Paused,,,tow truck jobs,Negative Phrase,,,,,,,,,,,,,,,,,,,,,,,,,,,,,,,,,,,,,,,,,,,,,
HeavyTowPro - C1 Light & Medium Duty Towing,,,Paused,,,tow truck job,Negative Phrase,,,,,,,,,,,,,,,,,,,,,,,,,,,,,,,,,,,,,,,,,,,,,
HeavyTowPro - C2 Heavy Duty & Commercial,,,Paused,,,tow truck job,Negative Phrase,,,,,,,,,,,,,,,,,,,,,,,,,,,,,,,,,,,,,,,,,,,,,
HeavyTowPro - C1 Light & Medium Duty Towing,,,Paused,,,tow truck driver jobs,Negative Phrase,,,,,,,,,,,,,,,,,,,,,,,,,,,,,,,,,,,,,,,,,,,,,
HeavyTowPro - C2 Heavy Duty & Commercial,,,Paused,,,tow truck driver jobs,Negative Phrase,,,,,,,,,,,,,,,,,,,,,,,,,,,,,,,,,,,,,,,,,,,,,
HeavyTowPro - C1 Light & Medium Duty Towing,,,Paused,,,tow truck driver job,Negative Phrase,,,,,,,,,,,,,,,,,,,,,,,,,,,,,,,,,,,,,,,,,,,,,
HeavyTowPro - C2 Heavy Duty & Commercial,,,Paused,,,tow truck driver job,Negative Phrase,,,,,,,,,,,,,,,,,,,,,,,,,,,,,,,,,,,,,,,,,,,,,
HeavyTowPro - C1 Light & Medium Duty Towing,,,Paused,,,towing dispatcher jobs,Negative Phrase,,,,,,,,,,,,,,,,,,,,,,,,,,,,,,,,,,,,,,,,,,,,,
HeavyTowPro - C2 Heavy Duty & Commercial,,,Paused,,,towing dispatcher jobs,Negative Phrase,,,,,,,,,,,,,,,,,,,,,,,,,,,,,,,,,,,,,,,,,,,,,
HeavyTowPro - C1 Light & Medium Duty Towing,,,Paused,,,tow truck dispatcher jobs,Negative Phrase,,,,,,,,,,,,,,,,,,,,,,,,,,,,,,,,,,,,,,,,,,,,,
HeavyTowPro - C2 Heavy Duty & Commercial,,,Paused,,,tow truck dispatcher jobs,Negative Phrase,,,,,,,,,,,,,,,,,,,,,,,,,,,,,,,,,,,,,,,,,,,,,
HeavyTowPro - C1 Light & Medium Duty Towing,,,Paused,,,towing dispatcher job,Negative Phrase,,,,,,,,,,,,,,,,,,,,,,,,,,,,,,,,,,,,,,,,,,,,,
HeavyTowPro - C2 Heavy Duty & Commercial,,,Paused,,,towing dispatcher job,Negative Phrase,,,,,,,,,,,,,,,,,,,,,,,,,,,,,,,,,,,,,,,,,,,,,
HeavyTowPro - C1 Light & Medium Duty Towing,,,Paused,,,towing employment,Negative Phrase,,,,,,,,,,,,,,,,,,,,,,,,,,,,,,,,,,,,,,,,,,,,,
HeavyTowPro - C2 Heavy Duty & Commercial,,,Paused,,,towing employment,Negative Phrase,,,,,,,,,,,,,,,,,,,,,,,,,,,,,,,,,,,,,,,,,,,,,
HeavyTowPro - C1 Light & Medium Duty Towing,,,Paused,,,tow truck employment,Negative Phrase,,,,,,,,,,,,,,,,,,,,,,,,,,,,,,,,,,,,,,,,,,,,,
HeavyTowPro - C2 Heavy Duty & Commercial,,,Paused,,,tow truck employment,Negative Phrase,,,,,,,,,,,,,,,,,,,,,,,,,,,,,,,,,,,,,,,,,,,,,
HeavyTowPro - C1 Light & Medium Duty Towing,,,Paused,,,tow truck career,Negative Phrase,,,,,,,,,,,,,,,,,,,,,,,,,,,,,,,,,,,,,,,,,,,,,
HeavyTowPro - C2 Heavy Duty & Commercial,,,Paused,,,tow truck career,Negative Phrase,,,,,,,,,,,,,,,,,,,,,,,,,,,,,,,,,,,,,,,,,,,,,
HeavyTowPro - C1 Light & Medium Duty Towing,,,Paused,,,towing career,Negative Phrase,,,,,,,,,,,,,,,,,,,,,,,,,,,,,,,,,,,,,,,,,,,,,
HeavyTowPro - C2 Heavy Duty & Commercial,,,Paused,,,towing career,Negative Phrase,,,,,,,,,,,,,,,,,,,,,,,,,,,,,,,,,,,,,,,,,,,,,
HeavyTowPro - C1 Light & Medium Duty Towing,,,Paused,,,tow truck driver career,Negative Phrase,,,,,,,,,,,,,,,,,,,,,,,,,,,,,,,,,,,,,,,,,,,,,
HeavyTowPro - C2 Heavy Duty & Commercial,,,Paused,,,tow truck driver career,Negative Phrase,,,,,,,,,,,,,,,,,,,,,,,,,,,,,,,,,,,,,,,,,,,,,
HeavyTowPro - C1 Light & Medium Duty Towing,,,Paused,,,towing company jobs,Negative Phrase,,,,,,,,,,,,,,,,,,,,,,,,,,,,,,,,,,,,,,,,,,,,,
HeavyTowPro - C2 Heavy Duty & Commercial,,,Paused,,,towing company jobs,Negative Phrase,,,,,,,,,,,,,,,,,,,,,,,,,,,,,,,,,,,,,,,,,,,,,
HeavyTowPro - C1 Light & Medium Duty Towing,,,Paused,,,wrecker driver jobs,Negative Phrase,,,,,,,,,,,,,,,,,,,,,,,,,,,,,,,,,,,,,,,,,,,,,
HeavyTowPro - C2 Heavy Duty & Commercial,,,Paused,,,wrecker driver jobs,Negative Phrase,,,,,,,,,,,,,,,,,,,,,,,,,,,,,,,,,,,,,,,,,,,,,
HeavyTowPro - C1 Light & Medium Duty Towing,,,Paused,,,wrecker jobs,Negative Phrase,,,,,,,,,,,,,,,,,,,,,,,,,,,,,,,,,,,,,,,,,,,,,
HeavyTowPro - C2 Heavy Duty & Commercial,,,Paused,,,wrecker jobs,Negative Phrase,,,,,,,,,,,,,,,,,,,,,,,,,,,,,,,,,,,,,,,,,,,,,
HeavyTowPro - C1 Light & Medium Duty Towing,,,Paused,,,heavy towing jobs,Negative Phrase,,,,,,,,,,,,,,,,,,,,,,,,,,,,,,,,,,,,,,,,,,,,,
HeavyTowPro - C2 Heavy Duty & Commercial,,,Paused,,,heavy towing jobs,Negative Phrase,,,,,,,,,,,,,,,,,,,,,,,,,,,,,,,,,,,,,,,,,,,,,
HeavyTowPro - C1 Light & Medium Duty Towing,,,Paused,,,heavy duty towing jobs,Negative Phrase,,,,,,,,,,,,,,,,,,,,,,,,,,,,,,,,,,,,,,,,,,,,,
HeavyTowPro - C2 Heavy Duty & Commercial,,,Paused,,,heavy duty towing jobs,Negative Phrase,,,,,,,,,,,,,,,,,,,,,,,,,,,,,,,,,,,,,,,,,,,,,
HeavyTowPro - C1 Light & Medium Duty Towing,,,Paused,,,recovery driver jobs,Negative Phrase,,,,,,,,,,,,,,,,,,,,,,,,,,,,,,,,,,,,,,,,,,,,,
HeavyTowPro - C2 Heavy Duty & Commercial,,,Paused,,,recovery driver jobs,Negative Phrase,,,,,,,,,,,,,,,,,,,,,,,,,,,,,,,,,,,,,,,,,,,,,
HeavyTowPro - C1 Light & Medium Duty Towing,,,Paused,,,roadside assistance jobs,Negative Phrase,,,,,,,,,,,,,,,,,,,,,,,,,,,,,,,,,,,,,,,,,,,,,
HeavyTowPro - C2 Heavy Duty & Commercial,,,Paused,,,roadside assistance jobs,Negative Phrase,,,,,,,,,,,,,,,,,,,,,,,,,,,,,,,,,,,,,,,,,,,,,
HeavyTowPro - C1 Light & Medium Duty Towing,,,Paused,,,tow truck driver salary,Negative Phrase,,,,,,,,,,,,,,,,,,,,,,,,,,,,,,,,,,,,,,,,,,,,,
HeavyTowPro - C2 Heavy Duty & Commercial,,,Paused,,,tow truck driver salary,Negative Phrase,,,,,,,,,,,,,,,,,,,,,,,,,,,,,,,,,,,,,,,,,,,,,
HeavyTowPro - C1 Light & Medium Duty Towing,,,Paused,,,tow truck salary,Negative Phrase,,,,,,,,,,,,,,,,,,,,,,,,,,,,,,,,,,,,,,,,,,,,,
HeavyTowPro - C2 Heavy Duty & Commercial,,,Paused,,,tow truck salary,Negative Phrase,,,,,,,,,,,,,,,,,,,,,,,,,,,,,,,,,,,,,,,,,,,,,
HeavyTowPro - C1 Light & Medium Duty Towing,,,Paused,,,towing driver salary,Negative Phrase,,,,,,,,,,,,,,,,,,,,,,,,,,,,,,,,,,,,,,,,,,,,,
HeavyTowPro - C2 Heavy Duty & Commercial,,,Paused,,,towing driver salary,Negative Phrase,,,,,,,,,,,,,,,,,,,,,,,,,,,,,,,,,,,,,,,,,,,,,
HeavyTowPro - C1 Light & Medium Duty Towing,,,Paused,,,tow truck driver pay,Negative Phrase,,,,,,,,,,,,,,,,,,,,,,,,,,,,,,,,,,,,,,,,,,,,,
HeavyTowPro - C2 Heavy Duty & Commercial,,,Paused,,,tow truck driver pay,Negative Phrase,,,,,,,,,,,,,,,,,,,,,,,,,,,,,,,,,,,,,,,,,,,,,
HeavyTowPro - C1 Light & Medium Duty Towing,,,Paused,,,tow truck driver hourly,Negative Phrase,,,,,,,,,,,,,,,,,,,,,,,,,,,,,,,,,,,,,,,,,,,,,
HeavyTowPro - C2 Heavy Duty & Commercial,,,Paused,,,tow truck driver hourly,Negative Phrase,,,,,,,,,,,,,,,,,,,,,,,,,,,,,,,,,,,,,,,,,,,,,
HeavyTowPro - C1 Light & Medium Duty Towing,,,Paused,,,tow truck driver wage,Negative Phrase,,,,,,,,,,,,,,,,,,,,,,,,,,,,,,,,,,,,,,,,,,,,,
HeavyTowPro - C2 Heavy Duty & Commercial,,,Paused,,,tow truck driver wage,Negative Phrase,,,,,,,,,,,,,,,,,,,,,,,,,,,,,,,,,,,,,,,,,,,,,
HeavyTowPro - C1 Light & Medium Duty Towing,,,Paused,,,how to become a tow truck driver,Negative Phrase,,,,,,,,,,,,,,,,,,,,,,,,,,,,,,,,,,,,,,,,,,,,,
HeavyTowPro - C2 Heavy Duty & Commercial,,,Paused,,,how to become a tow truck driver,Negative Phrase,,,,,,,,,,,,,,,,,,,,,,,,,,,,,,,,,,,,,,,,,,,,,
HeavyTowPro - C1 Light & Medium Duty Towing,,,Paused,,,become a tow truck driver,Negative Phrase,,,,,,,,,,,,,,,,,,,,,,,,,,,,,,,,,,,,,,,,,,,,,
HeavyTowPro - C2 Heavy Duty & Commercial,,,Paused,,,become a tow truck driver,Negative Phrase,,,,,,,,,,,,,,,,,,,,,,,,,,,,,,,,,,,,,,,,,,,,,
HeavyTowPro - C1 Light & Medium Duty Towing,,,Paused,,,tow truck driver requirements,Negative Phrase,,,,,,,,,,,,,,,,,,,,,,,,,,,,,,,,,,,,,,,,,,,,,
HeavyTowPro - C2 Heavy Duty & Commercial,,,Paused,,,tow truck driver requirements,Negative Phrase,,,,,,,,,,,,,,,,,,,,,,,,,,,,,,,,,,,,,,,,,,,,,
HeavyTowPro - C1 Light & Medium Duty Towing,,,Paused,,,tow truck driver qualifications,Negative Phrase,,,,,,,,,,,,,,,,,,,,,,,,,,,,,,,,,,,,,,,,,,,,,
HeavyTowPro - C2 Heavy Duty & Commercial,,,Paused,,,tow truck driver qualifications,Negative Phrase,,,,,,,,,,,,,,,,,,,,,,,,,,,,,,,,,,,,,,,,,,,,,
HeavyTowPro - C1 Light & Medium Duty Towing,,,Paused,,,tow truck operator jobs,Negative Phrase,,,,,,,,,,,,,,,,,,,,,,,,,,,,,,,,,,,,,,,,,,,,,
HeavyTowPro - C2 Heavy Duty & Commercial,,,Paused,,,tow truck operator jobs,Negative Phrase,,,,,,,,,,,,,,,,,,,,,,,,,,,,,,,,,,,,,,,,,,,,,
HeavyTowPro - C1 Light & Medium Duty Towing,,,Paused,,,tow truck hiring,Negative Phrase,,,,,,,,,,,,,,,,,,,,,,,,,,,,,,,,,,,,,,,,,,,,,
HeavyTowPro - C2 Heavy Duty & Commercial,,,Paused,,,tow truck hiring,Negative Phrase,,,,,,,,,,,,,,,,,,,,,,,,,,,,,,,,,,,,,,,,,,,,,
HeavyTowPro - C1 Light & Medium Duty Towing,,,Paused,,,hiring tow truck drivers,Negative Phrase,,,,,,,,,,,,,,,,,,,,,,,,,,,,,,,,,,,,,,,,,,,,,
HeavyTowPro - C2 Heavy Duty & Commercial,,,Paused,,,hiring tow truck drivers,Negative Phrase,,,,,,,,,,,,,,,,,,,,,,,,,,,,,,,,,,,,,,,,,,,,,
HeavyTowPro - C1 Light & Medium Duty Towing,,,Paused,,,tow truck driver hiring,Negative Phrase,,,,,,,,,,,,,,,,,,,,,,,,,,,,,,,,,,,,,,,,,,,,,
HeavyTowPro - C2 Heavy Duty & Commercial,,,Paused,,,tow truck driver hiring,Negative Phrase,,,,,,,,,,,,,,,,,,,,,,,,,,,,,,,,,,,,,,,,,,,,,
HeavyTowPro - C1 Light & Medium Duty Towing,,,Paused,,,heavy hauler jobs,Negative Phrase,,,,,,,,,,,,,,,,,,,,,,,,,,,,,,,,,,,,,,,,,,,,,
HeavyTowPro - C2 Heavy Duty & Commercial,,,Paused,,,heavy hauler jobs,Negative Phrase,,,,,,,,,,,,,,,,,,,,,,,,,,,,,,,,,,,,,,,,,,,,,
HeavyTowPro - C1 Light & Medium Duty Towing,,,Paused,,,heavy hauler driver jobs,Negative Phrase,,,,,,,,,,,,,,,,,,,,,,,,,,,,,,,,,,,,,,,,,,,,,
HeavyTowPro - C2 Heavy Duty & Commercial,,,Paused,,,heavy hauler driver jobs,Negative Phrase,,,,,,,,,,,,,,,,,,,,,,,,,,,,,,,,,,,,,,,,,,,,,
HeavyTowPro - C1 Light & Medium Duty Towing,,,Paused,,,towing jobs near me,Negative Phrase,,,,,,,,,,,,,,,,,,,,,,,,,,,,,,,,,,,,,,,,,,,,,
HeavyTowPro - C2 Heavy Duty & Commercial,,,Paused,,,towing jobs near me,Negative Phrase,,,,,,,,,,,,,,,,,,,,,,,,,,,,,,,,,,,,,,,,,,,,,
HeavyTowPro - C1 Light & Medium Duty Towing,,,Paused,,,tow truck jobs near me,Negative Phrase,,,,,,,,,,,,,,,,,,,,,,,,,,,,,,,,,,,,,,,,,,,,,
HeavyTowPro - C2 Heavy Duty & Commercial,,,Paused,,,tow truck jobs near me,Negative Phrase,,,,,,,,,,,,,,,,,,,,,,,,,,,,,,,,,,,,,,,,,,,,,
HeavyTowPro - C1 Light & Medium Duty Towing,,,Paused,,,towing jobs bay area,Negative Phrase,,,,,,,,,,,,,,,,,,,,,,,,,,,,,,,,,,,,,,,,,,,,,
HeavyTowPro - C2 Heavy Duty & Commercial,,,Paused,,,towing jobs bay area,Negative Phrase,,,,,,,,,,,,,,,,,,,,,,,,,,,,,,,,,,,,,,,,,,,,,
HeavyTowPro - C1 Light & Medium Duty Towing,,,Paused,,,tow truck resume,Negative Phrase,,,,,,,,,,,,,,,,,,,,,,,,,,,,,,,,,,,,,,,,,,,,,
HeavyTowPro - C2 Heavy Duty & Commercial,,,Paused,,,tow truck resume,Negative Phrase,,,,,,,,,,,,,,,,,,,,,,,,,,,,,,,,,,,,,,,,,,,,,
HeavyTowPro - C1 Light & Medium Duty Towing,,,Paused,,,tow truck driver resume,Negative Phrase,,,,,,,,,,,,,,,,,,,,,,,,,,,,,,,,,,,,,,,,,,,,,
HeavyTowPro - C2 Heavy Duty & Commercial,,,Paused,,,tow truck driver resume,Negative Phrase,,,,,,,,,,,,,,,,,,,,,,,,,,,,,,,,,,,,,,,,,,,,,
HeavyTowPro - C1 Light & Medium Duty Towing,,,Paused,,,tow truck apprentice,Negative Phrase,,,,,,,,,,,,,,,,,,,,,,,,,,,,,,,,,,,,,,,,,,,,,
HeavyTowPro - C2 Heavy Duty & Commercial,,,Paused,,,tow truck apprentice,Negative Phrase,,,,,,,,,,,,,,,,,,,,,,,,,,,,,,,,,,,,,,,,,,,,,
HeavyTowPro - C1 Light & Medium Duty Towing,,,Paused,,,towing apprenticeship,Negative Phrase,,,,,,,,,,,,,,,,,,,,,,,,,,,,,,,,,,,,,,,,,,,,,
HeavyTowPro - C2 Heavy Duty & Commercial,,,Paused,,,towing apprenticeship,Negative Phrase,,,,,,,,,,,,,,,,,,,,,,,,,,,,,,,,,,,,,,,,,,,,,
HeavyTowPro - C1 Light & Medium Duty Towing,,,Paused,,,tow truck driver wanted,Negative Phrase,,,,,,,,,,,,,,,,,,,,,,,,,,,,,,,,,,,,,,,,,,,,,
HeavyTowPro - C2 Heavy Duty & Commercial,,,Paused,,,tow truck driver wanted,Negative Phrase,,,,,,,,,,,,,,,,,,,,,,,,,,,,,,,,,,,,,,,,,,,,,
HeavyTowPro - C1 Light & Medium Duty Towing,,,Paused,,,towing operator job,Negative Phrase,,,,,,,,,,,,,,,,,,,,,,,,,,,,,,,,,,,,,,,,,,,,,
HeavyTowPro - C2 Heavy Duty & Commercial,,,Paused,,,towing operator job,Negative Phrase,,,,,,,,,,,,,,,,,,,,,,,,,,,,,,,,,,,,,,,,,,,,,
HeavyTowPro - C1 Light & Medium Duty Towing,,,Paused,,,tow truck dispatcher salary,Negative Phrase,,,,,,,,,,,,,,,,,,,,,,,,,,,,,,,,,,,,,,,,,,,,,
HeavyTowPro - C2 Heavy Duty & Commercial,,,Paused,,,tow truck dispatcher salary,Negative Phrase,,,,,,,,,,,,,,,,,,,,,,,,,,,,,,,,,,,,,,,,,,,,,
HeavyTowPro - C1 Light & Medium Duty Towing,,,Paused,,,tow truck for sale,Negative Phrase,,,,,,,,,,,,,,,,,,,,,,,,,,,,,,,,,,,,,,,,,,,,,
HeavyTowPro - C2 Heavy Duty & Commercial,,,Paused,,,tow truck for sale,Negative Phrase,,,,,,,,,,,,,,,,,,,,,,,,,,,,,,,,,,,,,,,,,,,,,
HeavyTowPro - C1 Light & Medium Duty Towing,,,Paused,,,tow trucks for sale,Negative Phrase,,,,,,,,,,,,,,,,,,,,,,,,,,,,,,,,,,,,,,,,,,,,,
HeavyTowPro - C2 Heavy Duty & Commercial,,,Paused,,,tow trucks for sale,Negative Phrase,,,,,,,,,,,,,,,,,,,,,,,,,,,,,,,,,,,,,,,,,,,,,
HeavyTowPro - C1 Light & Medium Duty Towing,,,Paused,,,buy tow truck,Negative Phrase,,,,,,,,,,,,,,,,,,,,,,,,,,,,,,,,,,,,,,,,,,,,,
HeavyTowPro - C2 Heavy Duty & Commercial,,,Paused,,,buy tow truck,Negative Phrase,,,,,,,,,,,,,,,,,,,,,,,,,,,,,,,,,,,,,,,,,,,,,
HeavyTowPro - C1 Light & Medium Duty Towing,,,Paused,,,used tow truck,Negative Phrase,,,,,,,,,,,,,,,,,,,,,,,,,,,,,,,,,,,,,,,,,,,,,
HeavyTowPro - C2 Heavy Duty & Commercial,,,Paused,,,used tow truck,Negative Phrase,,,,,,,,,,,,,,,,,,,,,,,,,,,,,,,,,,,,,,,,,,,,,
HeavyTowPro - C1 Light & Medium Duty Towing,,,Paused,,,new tow truck,Negative Phrase,,,,,,,,,,,,,,,,,,,,,,,,,,,,,,,,,,,,,,,,,,,,,
HeavyTowPro - C2 Heavy Duty & Commercial,,,Paused,,,new tow truck,Negative Phrase,,,,,,,,,,,,,,,,,,,,,,,,,,,,,,,,,,,,,,,,,,,,,
HeavyTowPro - C1 Light & Medium Duty Towing,,,Paused,,,tow truck price,Negative Phrase,,,,,,,,,,,,,,,,,,,,,,,,,,,,,,,,,,,,,,,,,,,,,
HeavyTowPro - C2 Heavy Duty & Commercial,,,Paused,,,tow truck price,Negative Phrase,,,,,,,,,,,,,,,,,,,,,,,,,,,,,,,,,,,,,,,,,,,,,
HeavyTowPro - C1 Light & Medium Duty Towing,,,Paused,,,tow truck cost,Negative Phrase,,,,,,,,,,,,,,,,,,,,,,,,,,,,,,,,,,,,,,,,,,,,,
HeavyTowPro - C2 Heavy Duty & Commercial,,,Paused,,,tow truck cost,Negative Phrase,,,,,,,,,,,,,,,,,,,,,,,,,,,,,,,,,,,,,,,,,,,,,
HeavyTowPro - C1 Light & Medium Duty Towing,,,Paused,,,tow truck financing,Negative Phrase,,,,,,,,,,,,,,,,,,,,,,,,,,,,,,,,,,,,,,,,,,,,,
HeavyTowPro - C2 Heavy Duty & Commercial,,,Paused,,,tow truck financing,Negative Phrase,,,,,,,,,,,,,,,,,,,,,,,,,,,,,,,,,,,,,,,,,,,,,
HeavyTowPro - C1 Light & Medium Duty Towing,,,Paused,,,tow truck lease,Negative Phrase,,,,,,,,,,,,,,,,,,,,,,,,,,,,,,,,,,,,,,,,,,,,,
HeavyTowPro - C2 Heavy Duty & Commercial,,,Paused,,,tow truck lease,Negative Phrase,,,,,,,,,,,,,,,,,,,,,,,,,,,,,,,,,,,,,,,,,,,,,
HeavyTowPro - C1 Light & Medium Duty Towing,,,Paused,,,tow truck auction,Negative Phrase,,,,,,,,,,,,,,,,,,,,,,,,,,,,,,,,,,,,,,,,,,,,,
HeavyTowPro - C2 Heavy Duty & Commercial,,,Paused,,,tow truck auction,Negative Phrase,,,,,,,,,,,,,,,,,,,,,,,,,,,,,,,,,,,,,,,,,,,,,
HeavyTowPro - C1 Light & Medium Duty Towing,,,Paused,,,tow truck payment,Negative Phrase,,,,,,,,,,,,,,,,,,,,,,,,,,,,,,,,,,,,,,,,,,,,,
HeavyTowPro - C2 Heavy Duty & Commercial,,,Paused,,,tow truck payment,Negative Phrase,,,,,,,,,,,,,,,,,,,,,,,,,,,,,,,,,,,,,,,,,,,,,
HeavyTowPro - C1 Light & Medium Duty Towing,,,Paused,,,flatbed truck for sale,Negative Phrase,,,,,,,,,,,,,,,,,,,,,,,,,,,,,,,,,,,,,,,,,,,,,
HeavyTowPro - C2 Heavy Duty & Commercial,,,Paused,,,flatbed truck for sale,Negative Phrase,,,,,,,,,,,,,,,,,,,,,,,,,,,,,,,,,,,,,,,,,,,,,
HeavyTowPro - C1 Light & Medium Duty Towing,,,Paused,,,flatbed for sale,Negative Phrase,,,,,,,,,,,,,,,,,,,,,,,,,,,,,,,,,,,,,,,,,,,,,
HeavyTowPro - C2 Heavy Duty & Commercial,,,Paused,,,flatbed for sale,Negative Phrase,,,,,,,,,,,,,,,,,,,,,,,,,,,,,,,,,,,,,,,,,,,,,
HeavyTowPro - C1 Light & Medium Duty Towing,,,Paused,,,wrecker for sale,Negative Phrase,,,,,,,,,,,,,,,,,,,,,,,,,,,,,,,,,,,,,,,,,,,,,
HeavyTowPro - C2 Heavy Duty & Commercial,,,Paused,,,wrecker for sale,Negative Phrase,,,,,,,,,,,,,,,,,,,,,,,,,,,,,,,,,,,,,,,,,,,,,
HeavyTowPro - C1 Light & Medium Duty Towing,,,Paused,,,heavy wrecker for sale,Negative Phrase,,,,,,,,,,,,,,,,,,,,,,,,,,,,,,,,,,,,,,,,,,,,,
HeavyTowPro - C2 Heavy Duty & Commercial,,,Paused,,,heavy wrecker for sale,Negative Phrase,,,,,,,,,,,,,,,,,,,,,,,,,,,,,,,,,,,,,,,,,,,,,
HeavyTowPro - C2 Heavy Duty & Commercial,,,Paused,,,rotator for sale,Negative Phrase,,,,,,,,,,,,,,,,,,,,,,,,,,,,,,,,,,,,,,,,,,,,,
HeavyTowPro - C2 Heavy Duty & Commercial,,,Paused,,,rotator crane for sale,Negative Phrase,,,,,,,,,,,,,,,,,,,,,,,,,,,,,,,,,,,,,,,,,,,,,
HeavyTowPro - C2 Heavy Duty & Commercial,,,Paused,,,lowboy for sale,Negative Phrase,,,,,,,,,,,,,,,,,,,,,,,,,,,,,,,,,,,,,,,,,,,,,
HeavyTowPro - C1 Light & Medium Duty Towing,,,Paused,,,tow truck inventory,Negative Phrase,,,,,,,,,,,,,,,,,,,,,,,,,,,,,,,,,,,,,,,,,,,,,
HeavyTowPro - C2 Heavy Duty & Commercial,,,Paused,,,tow truck inventory,Negative Phrase,,,,,,,,,,,,,,,,,,,,,,,,,,,,,,,,,,,,,,,,,,,,,
HeavyTowPro - C1 Light & Medium Duty Towing,,,Paused,,,tow truck dealership,Negative Phrase,,,,,,,,,,,,,,,,,,,,,,,,,,,,,,,,,,,,,,,,,,,,,
HeavyTowPro - C2 Heavy Duty & Commercial,,,Paused,,,tow truck dealership,Negative Phrase,,,,,,,,,,,,,,,,,,,,,,,,,,,,,,,,,,,,,,,,,,,,,
HeavyTowPro - C1 Light & Medium Duty Towing,,,Paused,,,tow truck dealer,Negative Phrase,,,,,,,,,,,,,,,,,,,,,,,,,,,,,,,,,,,,,,,,,,,,,
HeavyTowPro - C2 Heavy Duty & Commercial,,,Paused,,,tow truck dealer,Negative Phrase,,,,,,,,,,,,,,,,,,,,,,,,,,,,,,,,,,,,,,,,,,,,,
HeavyTowPro - C1 Light & Medium Duty Towing,,,Paused,,,tow truck manufacturer,Negative Phrase,,,,,,,,,,,,,,,,,,,,,,,,,,,,,,,,,,,,,,,,,,,,,
HeavyTowPro - C2 Heavy Duty & Commercial,,,Paused,,,tow truck manufacturer,Negative Phrase,,,,,,,,,,,,,,,,,,,,,,,,,,,,,,,,,,,,,,,,,,,,,
HeavyTowPro - C2 Heavy Duty & Commercial,,,Paused,,,semi truck for sale,Negative Phrase,,,,,,,,,,,,,,,,,,,,,,,,,,,,,,,,,,,,,,,,,,,,,
HeavyTowPro - C2 Heavy Duty & Commercial,,,Paused,,,buy semi truck,Negative Phrase,,,,,,,,,,,,,,,,,,,,,,,,,,,,,,,,,,,,,,,,,,,,,
HeavyTowPro - C2 Heavy Duty & Commercial,,,Paused,,,used semi truck,Negative Phrase,,,,,,,,,,,,,,,,,,,,,,,,,,,,,,,,,,,,,,,,,,,,,
HeavyTowPro - C2 Heavy Duty & Commercial,,,Paused,,,new semi truck,Negative Phrase,,,,,,,,,,,,,,,,,,,,,,,,,,,,,,,,,,,,,,,,,,,,,
HeavyTowPro - C2 Heavy Duty & Commercial,,,Paused,,,semi truck price,Negative Phrase,,,,,,,,,,,,,,,,,,,,,,,,,,,,,,,,,,,,,,,,,,,,,
HeavyTowPro - C2 Heavy Duty & Commercial,,,Paused,,,semi truck financing,Negative Phrase,,,,,,,,,,,,,,,,,,,,,,,,,,,,,,,,,,,,,,,,,,,,,
HeavyTowPro - C2 Heavy Duty & Commercial,,,Paused,,,semi truck lease,Negative Phrase,,,,,,,,,,,,,,,,,,,,,,,,,,,,,,,,,,,,,,,,,,,,,
HeavyTowPro - C2 Heavy Duty & Commercial,,,Paused,,,semi truck dealer,Negative Phrase,,,,,,,,,,,,,,,,,,,,,,,,,,,,,,,,,,,,,,,,,,,,,
HeavyTowPro - C2 Heavy Duty & Commercial,,,Paused,,,semi truck auction,Negative Phrase,,,,,,,,,,,,,,,,,,,,,,,,,,,,,,,,,,,,,,,,,,,,,
HeavyTowPro - C2 Heavy Duty & Commercial,,,Paused,,,heavy equipment for sale,Negative Phrase,,,,,,,,,,,,,,,,,,,,,,,,,,,,,,,,,,,,,,,,,,,,,
HeavyTowPro - C2 Heavy Duty & Commercial,,,Paused,,,buy heavy equipment,Negative Phrase,,,,,,,,,,,,,,,,,,,,,,,,,,,,,,,,,,,,,,,,,,,,,
HeavyTowPro - C2 Heavy Duty & Commercial,,,Paused,,,used heavy equipment,Negative Phrase,,,,,,,,,,,,,,,,,,,,,,,,,,,,,,,,,,,,,,,,,,,,,
HeavyTowPro - C2 Heavy Duty & Commercial,,,Paused,,,construction equipment for sale,Negative Phrase,,,,,,,,,,,,,,,,,,,,,,,,,,,,,,,,,,,,,,,,,,,,,
HeavyTowPro - C2 Heavy Duty & Commercial,,,Paused,,,excavator for sale,Negative Phrase,,,,,,,,,,,,,,,,,,,,,,,,,,,,,,,,,,,,,,,,,,,,,
HeavyTowPro - C2 Heavy Duty & Commercial,,,Paused,,,bulldozer for sale,Negative Phrase,,,,,,,,,,,,,,,,,,,,,,,,,,,,,,,,,,,,,,,,,,,,,
HeavyTowPro - C2 Heavy Duty & Commercial,,,Paused,,,crane for sale,Negative Phrase,,,,,,,,,,,,,,,,,,,,,,,,,,,,,,,,,,,,,,,,,,,,,
HeavyTowPro - C2 Heavy Duty & Commercial,,,Paused,,,heavy equipment dealer,Negative Phrase,,,,,,,,,,,,,,,,,,,,,,,,,,,,,,,,,,,,,,,,,,,,,
HeavyTowPro - C2 Heavy Duty & Commercial,,,Paused,,,heavy equipment auction,Negative Phrase,,,,,,,,,,,,,,,,,,,,,,,,,,,,,,,,,,,,,,,,,,,,,
HeavyTowPro - C1 Light & Medium Duty Towing,,,Paused,,,towing capacity,Negative Phrase,,,,,,,,,,,,,,,,,,,,,,,,,,,,,,,,,,,,,,,,,,,,,
HeavyTowPro - C2 Heavy Duty & Commercial,,,Paused,,,towing capacity,Negative Phrase,,,,,,,,,,,,,,,,,,,,,,,,,,,,,,,,,,,,,,,,,,,,,
HeavyTowPro - C1 Light & Medium Duty Towing,,,Paused,,,tow capacity,Negative Phrase,,,,,,,,,,,,,,,,,,,,,,,,,,,,,,,,,,,,,,,,,,,,,
HeavyTowPro - C2 Heavy Duty & Commercial,,,Paused,,,tow capacity,Negative Phrase,,,,,,,,,,,,,,,,,,,,,,,,,,,,,,,,,,,,,,,,,,,,,
HeavyTowPro - C1 Light & Medium Duty Towing,,,Paused,,,truck towing capacity,Negative Phrase,,,,,,,,,,,,,,,,,,,,,,,,,,,,,,,,,,,,,,,,,,,,,
HeavyTowPro - C2 Heavy Duty & Commercial,,,Paused,,,truck towing capacity,Negative Phrase,,,,,,,,,,,,,,,,,,,,,,,,,,,,,,,,,,,,,,,,,,,,,
HeavyTowPro - C1 Light & Medium Duty Towing,,,Paused,,,SUV towing capacity,Negative Phrase,,,,,,,,,,,,,,,,,,,,,,,,,,,,,,,,,,,,,,,,,,,,,
HeavyTowPro - C2 Heavy Duty & Commercial,,,Paused,,,SUV towing capacity,Negative Phrase,,,,,,,,,,,,,,,,,,,,,,,,,,,,,,,,,,,,,,,,,,,,,
HeavyTowPro - C1 Light & Medium Duty Towing,,,Paused,,,pickup towing capacity,Negative Phrase,,,,,,,,,,,,,,,,,,,,,,,,,,,,,,,,,,,,,,,,,,,,,
HeavyTowPro - C2 Heavy Duty & Commercial,,,Paused,,,pickup towing capacity,Negative Phrase,,,,,,,,,,,,,,,,,,,,,,,,,,,,,,,,,,,,,,,,,,,,,
HeavyTowPro - C1 Light & Medium Duty Towing,,,Paused,,,maximum towing capacity,Negative Phrase,,,,,,,,,,,,,,,,,,,,,,,,,,,,,,,,,,,,,,,,,,,,,
HeavyTowPro - C2 Heavy Duty & Commercial,,,Paused,,,maximum towing capacity,Negative Phrase,,,,,,,,,,,,,,,,,,,,,,,,,,,,,,,,,,,,,,,,,,,,,
HeavyTowPro - C1 Light & Medium Duty Towing,,,Paused,,,towing capacity guide,Negative Phrase,,,,,,,,,,,,,,,,,,,,,,,,,,,,,,,,,,,,,,,,,,,,,
HeavyTowPro - C2 Heavy Duty & Commercial,,,Paused,,,towing capacity guide,Negative Phrase,,,,,,,,,,,,,,,,,,,,,,,,,,,,,,,,,,,,,,,,,,,,,
HeavyTowPro - C1 Light & Medium Duty Towing,,,Paused,,,towing capacity calculator,Negative Phrase,,,,,,,,,,,,,,,,,,,,,,,,,,,,,,,,,,,,,,,,,,,,,
HeavyTowPro - C2 Heavy Duty & Commercial,,,Paused,,,towing capacity calculator,Negative Phrase,,,,,,,,,,,,,,,,,,,,,,,,,,,,,,,,,,,,,,,,,,,,,
HeavyTowPro - C1 Light & Medium Duty Towing,,,Paused,,,towing capacity chart,Negative Phrase,,,,,,,,,,,,,,,,,,,,,,,,,,,,,,,,,,,,,,,,,,,,,
HeavyTowPro - C2 Heavy Duty & Commercial,,,Paused,,,towing capacity chart,Negative Phrase,,,,,,,,,,,,,,,,,,,,,,,,,,,,,,,,,,,,,,,,,,,,,
HeavyTowPro - C1 Light & Medium Duty Towing,,,Paused,,,towing capacity comparison,Negative Phrase,,,,,,,,,,,,,,,,,,,,,,,,,,,,,,,,,,,,,,,,,,,,,
HeavyTowPro - C2 Heavy Duty & Commercial,,,Paused,,,towing capacity comparison,Negative Phrase,,,,,,,,,,,,,,,,,,,,,,,,,,,,,,,,,,,,,,,,,,,,,
HeavyTowPro - C1 Light & Medium Duty Towing,,,Paused,,,Ford towing capacity,Negative Phrase,,,,,,,,,,,,,,,,,,,,,,,,,,,,,,,,,,,,,,,,,,,,,
HeavyTowPro - C2 Heavy Duty & Commercial,,,Paused,,,Ford towing capacity,Negative Phrase,,,,,,,,,,,,,,,,,,,,,,,,,,,,,,,,,,,,,,,,,,,,,
HeavyTowPro - C1 Light & Medium Duty Towing,,,Paused,,,Chevy towing capacity,Negative Phrase,,,,,,,,,,,,,,,,,,,,,,,,,,,,,,,,,,,,,,,,,,,,,
HeavyTowPro - C2 Heavy Duty & Commercial,,,Paused,,,Chevy towing capacity,Negative Phrase,,,,,,,,,,,,,,,,,,,,,,,,,,,,,,,,,,,,,,,,,,,,,
HeavyTowPro - C1 Light & Medium Duty Towing,,,Paused,,,Toyota towing capacity,Negative Phrase,,,,,,,,,,,,,,,,,,,,,,,,,,,,,,,,,,,,,,,,,,,,,
HeavyTowPro - C2 Heavy Duty & Commercial,,,Paused,,,Toyota towing capacity,Negative Phrase,,,,,,,,,,,,,,,,,,,,,,,,,,,,,,,,,,,,,,,,,,,,,
HeavyTowPro - C1 Light & Medium Duty Towing,,,Paused,,,Ram towing capacity,Negative Phrase,,,,,,,,,,,,,,,,,,,,,,,,,,,,,,,,,,,,,,,,,,,,,
HeavyTowPro - C2 Heavy Duty & Commercial,,,Paused,,,Ram towing capacity,Negative Phrase,,,,,,,,,,,,,,,,,,,,,,,,,,,,,,,,,,,,,,,,,,,,,
HeavyTowPro - C1 Light & Medium Duty Towing,,,Paused,,,GMC towing capacity,Negative Phrase,,,,,,,,,,,,,,,,,,,,,,,,,,,,,,,,,,,,,,,,,,,,,
HeavyTowPro - C2 Heavy Duty & Commercial,,,Paused,,,GMC towing capacity,Negative Phrase,,,,,,,,,,,,,,,,,,,,,,,,,,,,,,,,,,,,,,,,,,,,,
HeavyTowPro - C1 Light & Medium Duty Towing,,,Paused,,,F-150 towing capacity,Negative Phrase,,,,,,,,,,,,,,,,,,,,,,,,,,,,,,,,,,,,,,,,,,,,,
HeavyTowPro - C2 Heavy Duty & Commercial,,,Paused,,,F-150 towing capacity,Negative Phrase,,,,,,,,,,,,,,,,,,,,,,,,,,,,,,,,,,,,,,,,,,,,,
HeavyTowPro - C1 Light & Medium Duty Towing,,,Paused,,,F-250 towing capacity,Negative Phrase,,,,,,,,,,,,,,,,,,,,,,,,,,,,,,,,,,,,,,,,,,,,,
HeavyTowPro - C2 Heavy Duty & Commercial,,,Paused,,,F-250 towing capacity,Negative Phrase,,,,,,,,,,,,,,,,,,,,,,,,,,,,,,,,,,,,,,,,,,,,,
HeavyTowPro - C1 Light & Medium Duty Towing,,,Paused,,,Tacoma towing capacity,Negative Phrase,,,,,,,,,,,,,,,,,,,,,,,,,,,,,,,,,,,,,,,,,,,,,
HeavyTowPro - C2 Heavy Duty & Commercial,,,Paused,,,Tacoma towing capacity,Negative Phrase,,,,,,,,,,,,,,,,,,,,,,,,,,,,,,,,,,,,,,,,,,,,,
HeavyTowPro - C1 Light & Medium Duty Towing,,,Paused,,,Tundra towing capacity,Negative Phrase,,,,,,,,,,,,,,,,,,,,,,,,,,,,,,,,,,,,,,,,,,,,,
HeavyTowPro - C2 Heavy Duty & Commercial,,,Paused,,,Tundra towing capacity,Negative Phrase,,,,,,,,,,,,,,,,,,,,,,,,,,,,,,,,,,,,,,,,,,,,,
HeavyTowPro - C1 Light & Medium Duty Towing,,,Paused,,,Silverado towing capacity,Negative Phrase,,,,,,,,,,,,,,,,,,,,,,,,,,,,,,,,,,,,,,,,,,,,,
HeavyTowPro - C2 Heavy Duty & Commercial,,,Paused,,,Silverado towing capacity,Negative Phrase,,,,,,,,,,,,,,,,,,,,,,,,,,,,,,,,,,,,,,,,,,,,,
HeavyTowPro - C1 Light & Medium Duty Towing,,,Paused,,,trailer towing capacity,Negative Phrase,,,,,,,,,,,,,,,,,,,,,,,,,,,,,,,,,,,,,,,,,,,,,
HeavyTowPro - C2 Heavy Duty & Commercial,,,Paused,,,trailer towing capacity,Negative Phrase,,,,,,,,,,,,,,,,,,,,,,,,,,,,,,,,,,,,,,,,,,,,,
HeavyTowPro - C1 Light & Medium Duty Towing,,,Paused,,,max towing capacity,Negative Phrase,,,,,,,,,,,,,,,,,,,,,,,,,,,,,,,,,,,,,,,,,,,,,
HeavyTowPro - C2 Heavy Duty & Commercial,,,Paused,,,max towing capacity,Negative Phrase,,,,,,,,,,,,,,,,,,,,,,,,,,,,,,,,,,,,,,,,,,,,,
HeavyTowPro - C1 Light & Medium Duty Towing,,,Paused,,,payload capacity,Negative Phrase,,,,,,,,,,,,,,,,,,,,,,,,,,,,,,,,,,,,,,,,,,,,,
HeavyTowPro - C2 Heavy Duty & Commercial,,,Paused,,,payload capacity,Negative Phrase,,,,,,,,,,,,,,,,,,,,,,,,,,,,,,,,,,,,,,,,,,,,,
HeavyTowPro - C1 Light & Medium Duty Towing,,,Paused,,,tongue weight,Negative Phrase,,,,,,,,,,,,,,,,,,,,,,,,,,,,,,,,,,,,,,,,,,,,,
HeavyTowPro - C2 Heavy Duty & Commercial,,,Paused,,,tongue weight,Negative Phrase,,,,,,,,,,,,,,,,,,,,,,,,,,,,,,,,,,,,,,,,,,,,,
HeavyTowPro - C1 Light & Medium Duty Towing,,,Paused,,,hitch weight rating,Negative Phrase,,,,,,,,,,,,,,,,,,,,,,,,,,,,,,,,,,,,,,,,,,,,,
HeavyTowPro - C2 Heavy Duty & Commercial,,,Paused,,,hitch weight rating,Negative Phrase,,,,,,,,,,,,,,,,,,,,,,,,,,,,,,,,,,,,,,,,,,,,,
HeavyTowPro - C1 Light & Medium Duty Towing,,,Paused,,,trailer weight rating,Negative Phrase,,,,,,,,,,,,,,,,,,,,,,,,,,,,,,,,,,,,,,,,,,,,,
HeavyTowPro - C2 Heavy Duty & Commercial,,,Paused,,,trailer weight rating,Negative Phrase,,,,,,,,,,,,,,,,,,,,,,,,,,,,,,,,,,,,,,,,,,,,,
HeavyTowPro - C1 Light & Medium Duty Towing,,,Paused,,,gross vehicle weight rating,Negative Phrase,,,,,,,,,,,,,,,,,,,,,,,,,,,,,,,,,,,,,,,,,,,,,
HeavyTowPro - C2 Heavy Duty & Commercial,,,Paused,,,gross vehicle weight rating,Negative Phrase,,,,,,,,,,,,,,,,,,,,,,,,,,,,,,,,,,,,,,,,,,,,,
HeavyTowPro - C1 Light & Medium Duty Towing,,,Paused,,,gvwr,Negative Exact,,,,,,,,,,,,,,,,,,,,,,,,,,,,,,,,,,,,,,,,,,,,,
HeavyTowPro - C2 Heavy Duty & Commercial,,,Paused,,,gvwr,Negative Exact,,,,,,,,,,,,,,,,,,,,,,,,,,,,,,,,,,,,,,,,,,,,,
HeavyTowPro - C1 Light & Medium Duty Towing,,,Paused,,,fifth wheel capacity,Negative Phrase,,,,,,,,,,,,,,,,,,,,,,,,,,,,,,,,,,,,,,,,,,,,,
HeavyTowPro - C2 Heavy Duty & Commercial,,,Paused,,,fifth wheel capacity,Negative Phrase,,,,,,,,,,,,,,,,,,,,,,,,,,,,,,,,,,,,,,,,,,,,,
HeavyTowPro - C1 Light & Medium Duty Towing,,,Paused,,,how to tow a car,Negative Phrase,,,,,,,,,,,,,,,,,,,,,,,,,,,,,,,,,,,,,,,,,,,,,
HeavyTowPro - C2 Heavy Duty & Commercial,,,Paused,,,how to tow a car,Negative Phrase,,,,,,,,,,,,,,,,,,,,,,,,,,,,,,,,,,,,,,,,,,,,,
HeavyTowPro - C1 Light & Medium Duty Towing,,,Paused,,,how to tow a trailer,Negative Phrase,,,,,,,,,,,,,,,,,,,,,,,,,,,,,,,,,,,,,,,,,,,,,
HeavyTowPro - C2 Heavy Duty & Commercial,,,Paused,,,how to tow a trailer,Negative Phrase,,,,,,,,,,,,,,,,,,,,,,,,,,,,,,,,,,,,,,,,,,,,,
HeavyTowPro - C1 Light & Medium Duty Towing,,,Paused,,,how to tow a boat,Negative Phrase,,,,,,,,,,,,,,,,,,,,,,,,,,,,,,,,,,,,,,,,,,,,,
HeavyTowPro - C2 Heavy Duty & Commercial,,,Paused,,,how to tow a boat,Negative Phrase,,,,,,,,,,,,,,,,,,,,,,,,,,,,,,,,,,,,,,,,,,,,,
HeavyTowPro - C1 Light & Medium Duty Towing,,,Paused,,,how to tow a motorcycle,Negative Phrase,,,,,,,,,,,,,,,,,,,,,,,,,,,,,,,,,,,,,,,,,,,,,
HeavyTowPro - C1 Light & Medium Duty Towing,,,Paused,,,how to tow an RV,Negative Phrase,,,,,,,,,,,,,,,,,,,,,,,,,,,,,,,,,,,,,,,,,,,,,
HeavyTowPro - C1 Light & Medium Duty Towing,,,Paused,,,how to tow safely,Negative Phrase,,,,,,,,,,,,,,,,,,,,,,,,,,,,,,,,,,,,,,,,,,,,,
HeavyTowPro - C2 Heavy Duty & Commercial,,,Paused,,,how to tow safely,Negative Phrase,,,,,,,,,,,,,,,,,,,,,,,,,,,,,,,,,,,,,,,,,,,,,
HeavyTowPro - C1 Light & Medium Duty Towing,,,Paused,,,how to hook up a trailer,Negative Phrase,,,,,,,,,,,,,,,,,,,,,,,,,,,,,,,,,,,,,,,,,,,,,
HeavyTowPro - C2 Heavy Duty & Commercial,,,Paused,,,how to hook up a trailer,Negative Phrase,,,,,,,,,,,,,,,,,,,,,,,,,,,,,,,,,,,,,,,,,,,,,
HeavyTowPro - C1 Light & Medium Duty Towing,,,Paused,,,how to hook up tow dolly,Negative Phrase,,,,,,,,,,,,,,,,,,,,,,,,,,,,,,,,,,,,,,,,,,,,,
HeavyTowPro - C2 Heavy Duty & Commercial,,,Paused,,,how to hook up tow dolly,Negative Phrase,,,,,,,,,,,,,,,,,,,,,,,,,,,,,,,,,,,,,,,,,,,,,
HeavyTowPro - C1 Light & Medium Duty Towing,,,Paused,,,towing tips,Negative Phrase,,,,,,,,,,,,,,,,,,,,,,,,,,,,,,,,,,,,,,,,,,,,,
HeavyTowPro - C2 Heavy Duty & Commercial,,,Paused,,,towing tips,Negative Phrase,,,,,,,,,,,,,,,,,,,,,,,,,,,,,,,,,,,,,,,,,,,,,
HeavyTowPro - C1 Light & Medium Duty Towing,,,Paused,,,towing guide,Negative Phrase,,,,,,,,,,,,,,,,,,,,,,,,,,,,,,,,,,,,,,,,,,,,,
HeavyTowPro - C2 Heavy Duty & Commercial,,,Paused,,,towing guide,Negative Phrase,,,,,,,,,,,,,,,,,,,,,,,,,,,,,,,,,,,,,,,,,,,,,
HeavyTowPro - C1 Light & Medium Duty Towing,,,Paused,,,towing tutorial,Negative Phrase,,,,,,,,,,,,,,,,,,,,,,,,,,,,,,,,,,,,,,,,,,,,,
HeavyTowPro - C2 Heavy Duty & Commercial,,,Paused,,,towing tutorial,Negative Phrase,,,,,,,,,,,,,,,,,,,,,,,,,,,,,,,,,,,,,,,,,,,,,
HeavyTowPro - C1 Light & Medium Duty Towing,,,Paused,,,towing safety tips,Negative Phrase,,,,,,,,,,,,,,,,,,,,,,,,,,,,,,,,,,,,,,,,,,,,,
HeavyTowPro - C2 Heavy Duty & Commercial,,,Paused,,,towing safety tips,Negative Phrase,,,,,,,,,,,,,,,,,,,,,,,,,,,,,,,,,,,,,,,,,,,,,
HeavyTowPro - C1 Light & Medium Duty Towing,,,Paused,,,towing basics,Negative Phrase,,,,,,,,,,,,,,,,,,,,,,,,,,,,,,,,,,,,,,,,,,,,,
HeavyTowPro - C2 Heavy Duty & Commercial,,,Paused,,,towing basics,Negative Phrase,,,,,,,,,,,,,,,,,,,,,,,,,,,,,,,,,,,,,,,,,,,,,
HeavyTowPro - C1 Light & Medium Duty Towing,,,Paused,,,towing checklist,Negative Phrase,,,,,,,,,,,,,,,,,,,,,,,,,,,,,,,,,,,,,,,,,,,,,
HeavyTowPro - C2 Heavy Duty & Commercial,,,Paused,,,towing checklist,Negative Phrase,,,,,,,,,,,,,,,,,,,,,,,,,,,,,,,,,,,,,,,,,,,,,
HeavyTowPro - C1 Light & Medium Duty Towing,,,Paused,,,towing 101,Negative Phrase,,,,,,,,,,,,,,,,,,,,,,,,,,,,,,,,,,,,,,,,,,,,,
HeavyTowPro - C2 Heavy Duty & Commercial,,,Paused,,,towing 101,Negative Phrase,,,,,,,,,,,,,,,,,,,,,,,,,,,,,,,,,,,,,,,,,,,,,
HeavyTowPro - C1 Light & Medium Duty Towing,,,Paused,,,how to use tow straps,Negative Phrase,,,,,,,,,,,,,,,,,,,,,,,,,,,,,,,,,,,,,,,,,,,,,
HeavyTowPro - C2 Heavy Duty & Commercial,,,Paused,,,how to use tow straps,Negative Phrase,,,,,,,,,,,,,,,,,,,,,,,,,,,,,,,,,,,,,,,,,,,,,
HeavyTowPro - C1 Light & Medium Duty Towing,,,Paused,,,how to use a tow dolly,Negative Phrase,,,,,,,,,,,,,,,,,,,,,,,,,,,,,,,,,,,,,,,,,,,,,
HeavyTowPro - C2 Heavy Duty & Commercial,,,Paused,,,how to use a tow dolly,Negative Phrase,,,,,,,,,,,,,,,,,,,,,,,,,,,,,,,,,,,,,,,,,,,,,
HeavyTowPro - C1 Light & Medium Duty Towing,,,Paused,,,towing setup guide,Negative Phrase,,,,,,,,,,,,,,,,,,,,,,,,,,,,,,,,,,,,,,,,,,,,,
HeavyTowPro - C2 Heavy Duty & Commercial,,,Paused,,,towing setup guide,Negative Phrase,,,,,,,,,,,,,,,,,,,,,,,,,,,,,,,,,,,,,,,,,,,,,
HeavyTowPro - C1 Light & Medium Duty Towing,,,Paused,,,towing for beginners,Negative Phrase,,,,,,,,,,,,,,,,,,,,,,,,,,,,,,,,,,,,,,,,,,,,,
HeavyTowPro - C2 Heavy Duty & Commercial,,,Paused,,,towing for beginners,Negative Phrase,,,,,,,,,,,,,,,,,,,,,,,,,,,,,,,,,,,,,,,,,,,,,
HeavyTowPro - C1 Light & Medium Duty Towing,,,Paused,,,trailer towing guide,Negative Phrase,,,,,,,,,,,,,,,,,,,,,,,,,,,,,,,,,,,,,,,,,,,,,
HeavyTowPro - C2 Heavy Duty & Commercial,,,Paused,,,trailer towing guide,Negative Phrase,,,,,,,,,,,,,,,,,,,,,,,,,,,,,,,,,,,,,,,,,,,,,
HeavyTowPro - C1 Light & Medium Duty Towing,,,Paused,,,safe towing practices,Negative Phrase,,,,,,,,,,,,,,,,,,,,,,,,,,,,,,,,,,,,,,,,,,,,,
HeavyTowPro - C2 Heavy Duty & Commercial,,,Paused,,,safe towing practices,Negative Phrase,,,,,,,,,,,,,,,,,,,,,,,,,,,,,,,,,,,,,,,,,,,,,
HeavyTowPro - C1 Light & Medium Duty Towing,,,Paused,,,towing advice,Negative Phrase,,,,,,,,,,,,,,,,,,,,,,,,,,,,,,,,,,,,,,,,,,,,,
HeavyTowPro - C2 Heavy Duty & Commercial,,,Paused,,,towing advice,Negative Phrase,,,,,,,,,,,,,,,,,,,,,,,,,,,,,,,,,,,,,,,,,,,,,
HeavyTowPro - C1 Light & Medium Duty Towing,,,Paused,,,DIY car recovery,Negative Phrase,,,,,,,,,,,,,,,,,,,,,,,,,,,,,,,,,,,,,,,,,,,,,
HeavyTowPro - C2 Heavy Duty & Commercial,,,Paused,,,DIY car recovery,Negative Phrase,,,,,,,,,,,,,,,,,,,,,,,,,,,,,,,,,,,,,,,,,,,,,
HeavyTowPro - C1 Light & Medium Duty Towing,,,Paused,,,how to pull out stuck car,Negative Phrase,,,,,,,,,,,,,,,,,,,,,,,,,,,,,,,,,,,,,,,,,,,,,
HeavyTowPro - C2 Heavy Duty & Commercial,,,Paused,,,how to pull out stuck car,Negative Phrase,,,,,,,,,,,,,,,,,,,,,,,,,,,,,,,,,,,,,,,,,,,,,
HeavyTowPro - C1 Light & Medium Duty Towing,,,Paused,,,tow hitch,Negative Phrase,,,,,,,,,,,,,,,,,,,,,,,,,,,,,,,,,,,,,,,,,,,,,
HeavyTowPro - C2 Heavy Duty & Commercial,,,Paused,,,tow hitch,Negative Phrase,,,,,,,,,,,,,,,,,,,,,,,,,,,,,,,,,,,,,,,,,,,,,
HeavyTowPro - C1 Light & Medium Duty Towing,,,Paused,,,trailer hitch,Negative Phrase,,,,,,,,,,,,,,,,,,,,,,,,,,,,,,,,,,,,,,,,,,,,,
HeavyTowPro - C2 Heavy Duty & Commercial,,,Paused,,,trailer hitch,Negative Phrase,,,,,,,,,,,,,,,,,,,,,,,,,,,,,,,,,,,,,,,,,,,,,
HeavyTowPro - C1 Light & Medium Duty Towing,,,Paused,,,tow ball,Negative Phrase,,,,,,,,,,,,,,,,,,,,,,,,,,,,,,,,,,,,,,,,,,,,,
HeavyTowPro - C2 Heavy Duty & Commercial,,,Paused,,,tow ball,Negative Phrase,,,,,,,,,,,,,,,,,,,,,,,,,,,,,,,,,,,,,,,,,,,,,
HeavyTowPro - C1 Light & Medium Duty Towing,,,Paused,,,tow bar,Negative Phrase,,,,,,,,,,,,,,,,,,,,,,,,,,,,,,,,,,,,,,,,,,,,,
HeavyTowPro - C2 Heavy Duty & Commercial,,,Paused,,,tow bar,Negative Phrase,,,,,,,,,,,,,,,,,,,,,,,,,,,,,,,,,,,,,,,,,,,,,
HeavyTowPro - C1 Light & Medium Duty Towing,,,Paused,,,tow hook,Negative Phrase,,,,,,,,,,,,,,,,,,,,,,,,,,,,,,,,,,,,,,,,,,,,,
HeavyTowPro - C2 Heavy Duty & Commercial,,,Paused,,,tow hook,Negative Phrase,,,,,,,,,,,,,,,,,,,,,,,,,,,,,,,,,,,,,,,,,,,,,
HeavyTowPro - C1 Light & Medium Duty Towing,,,Paused,,,tow eye,Negative Phrase,,,,,,,,,,,,,,,,,,,,,,,,,,,,,,,,,,,,,,,,,,,,,
HeavyTowPro - C2 Heavy Duty & Commercial,,,Paused,,,tow eye,Negative Phrase,,,,,,,,,,,,,,,,,,,,,,,,,,,,,,,,,,,,,,,,,,,,,
HeavyTowPro - C1 Light & Medium Duty Towing,,,Paused,,,tow rope,Negative Phrase,,,,,,,,,,,,,,,,,,,,,,,,,,,,,,,,,,,,,,,,,,,,,
HeavyTowPro - C2 Heavy Duty & Commercial,,,Paused,,,tow rope,Negative Phrase,,,,,,,,,,,,,,,,,,,,,,,,,,,,,,,,,,,,,,,,,,,,,
HeavyTowPro - C1 Light & Medium Duty Towing,,,Paused,,,tow strap,Negative Phrase,,,,,,,,,,,,,,,,,,,,,,,,,,,,,,,,,,,,,,,,,,,,,
HeavyTowPro - C2 Heavy Duty & Commercial,,,Paused,,,tow strap,Negative Phrase,,,,,,,,,,,,,,,,,,,,,,,,,,,,,,,,,,,,,,,,,,,,,
HeavyTowPro - C1 Light & Medium Duty Towing,,,Paused,,,tow chain,Negative Phrase,,,,,,,,,,,,,,,,,,,,,,,,,,,,,,,,,,,,,,,,,,,,,
HeavyTowPro - C2 Heavy Duty & Commercial,,,Paused,,,tow chain,Negative Phrase,,,,,,,,,,,,,,,,,,,,,,,,,,,,,,,,,,,,,,,,,,,,,
HeavyTowPro - C1 Light & Medium Duty Towing,,,Paused,,,recovery strap,Negative Phrase,,,,,,,,,,,,,,,,,,,,,,,,,,,,,,,,,,,,,,,,,,,,,
HeavyTowPro - C2 Heavy Duty & Commercial,,,Paused,,,recovery strap,Negative Phrase,,,,,,,,,,,,,,,,,,,,,,,,,,,,,,,,,,,,,,,,,,,,,
HeavyTowPro - C1 Light & Medium Duty Towing,,,Paused,,,snatch strap,Negative Phrase,,,,,,,,,,,,,,,,,,,,,,,,,,,,,,,,,,,,,,,,,,,,,
HeavyTowPro - C2 Heavy Duty & Commercial,,,Paused,,,snatch strap,Negative Phrase,,,,,,,,,,,,,,,,,,,,,,,,,,,,,,,,,,,,,,,,,,,,,
HeavyTowPro - C1 Light & Medium Duty Towing,,,Paused,,,recovery rope,Negative Phrase,,,,,,,,,,,,,,,,,,,,,,,,,,,,,,,,,,,,,,,,,,,,,
HeavyTowPro - C2 Heavy Duty & Commercial,,,Paused,,,recovery rope,Negative Phrase,,,,,,,,,,,,,,,,,,,,,,,,,,,,,,,,,,,,,,,,,,,,,
HeavyTowPro - C1 Light & Medium Duty Towing,,,Paused,,,winch cable,Negative Phrase,,,,,,,,,,,,,,,,,,,,,,,,,,,,,,,,,,,,,,,,,,,,,
HeavyTowPro - C2 Heavy Duty & Commercial,,,Paused,,,winch cable,Negative Phrase,,,,,,,,,,,,,,,,,,,,,,,,,,,,,,,,,,,,,,,,,,,,,
HeavyTowPro - C1 Light & Medium Duty Towing,,,Paused,,,winch hook,Negative Phrase,,,,,,,,,,,,,,,,,,,,,,,,,,,,,,,,,,,,,,,,,,,,,
HeavyTowPro - C2 Heavy Duty & Commercial,,,Paused,,,winch hook,Negative Phrase,,,,,,,,,,,,,,,,,,,,,,,,,,,,,,,,,,,,,,,,,,,,,
HeavyTowPro - C1 Light & Medium Duty Towing,,,Paused,,,winch for sale,Negative Phrase,,,,,,,,,,,,,,,,,,,,,,,,,,,,,,,,,,,,,,,,,,,,,
HeavyTowPro - C2 Heavy Duty & Commercial,,,Paused,,,winch for sale,Negative Phrase,,,,,,,,,,,,,,,,,,,,,,,,,,,,,,,,,,,,,,,,,,,,,
HeavyTowPro - C1 Light & Medium Duty Towing,,,Paused,,,tow dolly,Negative Phrase,,,,,,,,,,,,,,,,,,,,,,,,,,,,,,,,,,,,,,,,,,,,,
HeavyTowPro - C2 Heavy Duty & Commercial,,,Paused,,,tow dolly,Negative Phrase,,,,,,,,,,,,,,,,,,,,,,,,,,,,,,,,,,,,,,,,,,,,,
HeavyTowPro - C1 Light & Medium Duty Towing,,,Paused,,,car dolly,Negative Phrase,,,,,,,,,,,,,,,,,,,,,,,,,,,,,,,,,,,,,,,,,,,,,
HeavyTowPro - C2 Heavy Duty & Commercial,,,Paused,,,car dolly,Negative Phrase,,,,,,,,,,,,,,,,,,,,,,,,,,,,,,,,,,,,,,,,,,,,,
HeavyTowPro - C1 Light & Medium Duty Towing,,,Paused,,,trailer dolly,Negative Phrase,,,,,,,,,,,,,,,,,,,,,,,,,,,,,,,,,,,,,,,,,,,,,
HeavyTowPro - C2 Heavy Duty & Commercial,,,Paused,,,trailer dolly,Negative Phrase,,,,,,,,,,,,,,,,,,,,,,,,,,,,,,,,,,,,,,,,,,,,,
HeavyTowPro - C1 Light & Medium Duty Towing,,,Paused,,,hitch receiver,Negative Phrase,,,,,,,,,,,,,,,,,,,,,,,,,,,,,,,,,,,,,,,,,,,,,
HeavyTowPro - C2 Heavy Duty & Commercial,,,Paused,,,hitch receiver,Negative Phrase,,,,,,,,,,,,,,,,,,,,,,,,,,,,,,,,,,,,,,,,,,,,,
HeavyTowPro - C1 Light & Medium Duty Towing,,,Paused,,,hitch ball,Negative Phrase,,,,,,,,,,,,,,,,,,,,,,,,,,,,,,,,,,,,,,,,,,,,,
HeavyTowPro - C2 Heavy Duty & Commercial,,,Paused,,,hitch ball,Negative Phrase,,,,,,,,,,,,,,,,,,,,,,,,,,,,,,,,,,,,,,,,,,,,,
HeavyTowPro - C1 Light & Medium Duty Towing,,,Paused,,,ball mount,Negative Phrase,,,,,,,,,,,,,,,,,,,,,,,,,,,,,,,,,,,,,,,,,,,,,
HeavyTowPro - C2 Heavy Duty & Commercial,,,Paused,,,ball mount,Negative Phrase,,,,,,,,,,,,,,,,,,,,,,,,,,,,,,,,,,,,,,,,,,,,,
HeavyTowPro - C1 Light & Medium Duty Towing,,,Paused,,,weight distribution hitch,Negative Phrase,,,,,,,,,,,,,,,,,,,,,,,,,,,,,,,,,,,,,,,,,,,,,
HeavyTowPro - C2 Heavy Duty & Commercial,,,Paused,,,weight distribution hitch,Negative Phrase,,,,,,,,,,,,,,,,,,,,,,,,,,,,,,,,,,,,,,,,,,,,,
HeavyTowPro - C1 Light & Medium Duty Towing,,,Paused,,,towing mirrors,Negative Phrase,,,,,,,,,,,,,,,,,,,,,,,,,,,,,,,,,,,,,,,,,,,,,
HeavyTowPro - C2 Heavy Duty & Commercial,,,Paused,,,towing mirrors,Negative Phrase,,,,,,,,,,,,,,,,,,,,,,,,,,,,,,,,,,,,,,,,,,,,,
HeavyTowPro - C1 Light & Medium Duty Towing,,,Paused,,,trailer hitch installation,Negative Phrase,,,,,,,,,,,,,,,,,,,,,,,,,,,,,,,,,,,,,,,,,,,,,
HeavyTowPro - C2 Heavy Duty & Commercial,,,Paused,,,trailer hitch installation,Negative Phrase,,,,,,,,,,,,,,,,,,,,,,,,,,,,,,,,,,,,,,,,,,,,,
HeavyTowPro - C1 Light & Medium Duty Towing,,,Paused,,,hitch installation,Negative Phrase,,,,,,,,,,,,,,,,,,,,,,,,,,,,,,,,,,,,,,,,,,,,,
HeavyTowPro - C2 Heavy Duty & Commercial,,,Paused,,,hitch installation,Negative Phrase,,,,,,,,,,,,,,,,,,,,,,,,,,,,,,,,,,,,,,,,,,,,,
HeavyTowPro - C1 Light & Medium Duty Towing,,,Paused,,,towing accessories,Negative Phrase,,,,,,,,,,,,,,,,,,,,,,,,,,,,,,,,,,,,,,,,,,,,,
HeavyTowPro - C2 Heavy Duty & Commercial,,,Paused,,,towing accessories,Negative Phrase,,,,,,,,,,,,,,,,,,,,,,,,,,,,,,,,,,,,,,,,,,,,,
HeavyTowPro - C1 Light & Medium Duty Towing,,,Paused,,,snatch block,Negative Phrase,,,,,,,,,,,,,,,,,,,,,,,,,,,,,,,,,,,,,,,,,,,,,
HeavyTowPro - C2 Heavy Duty & Commercial,,,Paused,,,snatch block,Negative Phrase,,,,,,,,,,,,,,,,,,,,,,,,,,,,,,,,,,,,,,,,,,,,,
HeavyTowPro - C1 Light & Medium Duty Towing,,,Paused,,,tree saver strap,Negative Phrase,,,,,,,,,,,,,,,,,,,,,,,,,,,,,,,,,,,,,,,,,,,,,
HeavyTowPro - C2 Heavy Duty & Commercial,,,Paused,,,tree saver strap,Negative Phrase,,,,,,,,,,,,,,,,,,,,,,,,,,,,,,,,,,,,,,,,,,,,,
HeavyTowPro - C1 Light & Medium Duty Towing,,,Paused,,,brake controller,Negative Phrase,,,,,,,,,,,,,,,,,,,,,,,,,,,,,,,,,,,,,,,,,,,,,
HeavyTowPro - C2 Heavy Duty & Commercial,,,Paused,,,brake controller,Negative Phrase,,,,,,,,,,,,,,,,,,,,,,,,,,,,,,,,,,,,,,,,,,,,,
HeavyTowPro - C1 Light & Medium Duty Towing,,,Paused,,,trailer lights,Negative Phrase,,,,,,,,,,,,,,,,,,,,,,,,,,,,,,,,,,,,,,,,,,,,,
HeavyTowPro - C2 Heavy Duty & Commercial,,,Paused,,,trailer lights,Negative Phrase,,,,,,,,,,,,,,,,,,,,,,,,,,,,,,,,,,,,,,,,,,,,,
HeavyTowPro - C1 Light & Medium Duty Towing,,,Paused,,,trailer wiring,Negative Phrase,,,,,,,,,,,,,,,,,,,,,,,,,,,,,,,,,,,,,,,,,,,,,
HeavyTowPro - C2 Heavy Duty & Commercial,,,Paused,,,trailer wiring,Negative Phrase,,,,,,,,,,,,,,,,,,,,,,,,,,,,,,,,,,,,,,,,,,,,,
HeavyTowPro - C1 Light & Medium Duty Towing,,,Paused,,,tow package,Negative Phrase,,,,,,,,,,,,,,,,,,,,,,,,,,,,,,,,,,,,,,,,,,,,,
HeavyTowPro - C2 Heavy Duty & Commercial,,,Paused,,,tow package,Negative Phrase,,,,,,,,,,,,,,,,,,,,,,,,,,,,,,,,,,,,,,,,,,,,,
HeavyTowPro - C1 Light & Medium Duty Towing,,,Paused,,,tow package cost,Negative Phrase,,,,,,,,,,,,,,,,,,,,,,,,,,,,,,,,,,,,,,,,,,,,,
HeavyTowPro - C2 Heavy Duty & Commercial,,,Paused,,,tow package cost,Negative Phrase,,,,,,,,,,,,,,,,,,,,,,,,,,,,,,,,,,,,,,,,,,,,,
HeavyTowPro - C1 Light & Medium Duty Towing,,,Paused,,,towing package,Negative Phrase,,,,,,,,,,,,,,,,,,,,,,,,,,,,,,,,,,,,,,,,,,,,,
HeavyTowPro - C2 Heavy Duty & Commercial,,,Paused,,,towing package,Negative Phrase,,,,,,,,,,,,,,,,,,,,,,,,,,,,,,,,,,,,,,,,,,,,,
HeavyTowPro - C1 Light & Medium Duty Towing,,,Paused,,,receiver hitch,Negative Phrase,,,,,,,,,,,,,,,,,,,,,,,,,,,,,,,,,,,,,,,,,,,,,
HeavyTowPro - C2 Heavy Duty & Commercial,,,Paused,,,receiver hitch,Negative Phrase,,,,,,,,,,,,,,,,,,,,,,,,,,,,,,,,,,,,,,,,,,,,,
HeavyTowPro - C1 Light & Medium Duty Towing,,,Paused,,,start towing business,Negative Phrase,,,,,,,,,,,,,,,,,,,,,,,,,,,,,,,,,,,,,,,,,,,,,
HeavyTowPro - C2 Heavy Duty & Commercial,,,Paused,,,start towing business,Negative Phrase,,,,,,,,,,,,,,,,,,,,,,,,,,,,,,,,,,,,,,,,,,,,,
HeavyTowPro - C1 Light & Medium Duty Towing,,,Paused,,,how to start a towing company,Negative Phrase,,,,,,,,,,,,,,,,,,,,,,,,,,,,,,,,,,,,,,,,,,,,,
HeavyTowPro - C2 Heavy Duty & Commercial,,,Paused,,,how to start a towing company,Negative Phrase,,,,,,,,,,,,,,,,,,,,,,,,,,,,,,,,,,,,,,,,,,,,,
HeavyTowPro - C1 Light & Medium Duty Towing,,,Paused,,,towing business plan,Negative Phrase,,,,,,,,,,,,,,,,,,,,,,,,,,,,,,,,,,,,,,,,,,,,,
HeavyTowPro - C2 Heavy Duty & Commercial,,,Paused,,,towing business plan,Negative Phrase,,,,,,,,,,,,,,,,,,,,,,,,,,,,,,,,,,,,,,,,,,,,,
HeavyTowPro - C1 Light & Medium Duty Towing,,,Paused,,,towing company startup,Negative Phrase,,,,,,,,,,,,,,,,,,,,,,,,,,,,,,,,,,,,,,,,,,,,,
HeavyTowPro - C2 Heavy Duty & Commercial,,,Paused,,,towing company startup,Negative Phrase,,,,,,,,,,,,,,,,,,,,,,,,,,,,,,,,,,,,,,,,,,,,,
HeavyTowPro - C1 Light & Medium Duty Towing,,,Paused,,,towing company license,Negative Phrase,,,,,,,,,,,,,,,,,,,,,,,,,,,,,,,,,,,,,,,,,,,,,
HeavyTowPro - C2 Heavy Duty & Commercial,,,Paused,,,towing company license,Negative Phrase,,,,,,,,,,,,,,,,,,,,,,,,,,,,,,,,,,,,,,,,,,,,,
HeavyTowPro - C1 Light & Medium Duty Towing,,,Paused,,,towing license,Negative Phrase,,,,,,,,,,,,,,,,,,,,,,,,,,,,,,,,,,,,,,,,,,,,,
HeavyTowPro - C2 Heavy Duty & Commercial,,,Paused,,,towing license,Negative Phrase,,,,,,,,,,,,,,,,,,,,,,,,,,,,,,,,,,,,,,,,,,,,,
HeavyTowPro - C1 Light & Medium Duty Towing,,,Paused,,,towing permit,Negative Phrase,,,,,,,,,,,,,,,,,,,,,,,,,,,,,,,,,,,,,,,,,,,,,
HeavyTowPro - C2 Heavy Duty & Commercial,,,Paused,,,towing permit,Negative Phrase,,,,,,,,,,,,,,,,,,,,,,,,,,,,,,,,,,,,,,,,,,,,,
HeavyTowPro - C1 Light & Medium Duty Towing,,,Paused,,,towing franchise,Negative Phrase,,,,,,,,,,,,,,,,,,,,,,,,,,,,,,,,,,,,,,,,,,,,,
HeavyTowPro - C2 Heavy Duty & Commercial,,,Paused,,,towing franchise,Negative Phrase,,,,,,,,,,,,,,,,,,,,,,,,,,,,,,,,,,,,,,,,,,,,,
HeavyTowPro - C1 Light & Medium Duty Towing,,,Paused,,,buy towing business,Negative Phrase,,,,,,,,,,,,,,,,,,,,,,,,,,,,,,,,,,,,,,,,,,,,,
HeavyTowPro - C2 Heavy Duty & Commercial,,,Paused,,,buy towing business,Negative Phrase,,,,,,,,,,,,,,,,,,,,,,,,,,,,,,,,,,,,,,,,,,,,,
HeavyTowPro - C1 Light & Medium Duty Towing,,,Paused,,,towing business for sale,Negative Phrase,,,,,,,,,,,,,,,,,,,,,,,,,,,,,,,,,,,,,,,,,,,,,
HeavyTowPro - C2 Heavy Duty & Commercial,,,Paused,,,towing business for sale,Negative Phrase,,,,,,,,,,,,,,,,,,,,,,,,,,,,,,,,,,,,,,,,,,,,,
HeavyTowPro - C1 Light & Medium Duty Towing,,,Paused,,,towing company for sale,Negative Phrase,,,,,,,,,,,,,,,,,,,,,,,,,,,,,,,,,,,,,,,,,,,,,
HeavyTowPro - C2 Heavy Duty & Commercial,,,Paused,,,towing company for sale,Negative Phrase,,,,,,,,,,,,,,,,,,,,,,,,,,,,,,,,,,,,,,,,,,,,,
HeavyTowPro - C1 Light & Medium Duty Towing,,,Paused,,,towing business cost,Negative Phrase,,,,,,,,,,,,,,,,,,,,,,,,,,,,,,,,,,,,,,,,,,,,,
HeavyTowPro - C2 Heavy Duty & Commercial,,,Paused,,,towing business cost,Negative Phrase,,,,,,,,,,,,,,,,,,,,,,,,,,,,,,,,,,,,,,,,,,,,,
HeavyTowPro - C1 Light & Medium Duty Towing,,,Paused,,,towing company startup cost,Negative Phrase,,,,,,,,,,,,,,,,,,,,,,,,,,,,,,,,,,,,,,,,,,,,,
HeavyTowPro - C2 Heavy Duty & Commercial,,,Paused,,,towing company startup cost,Negative Phrase,,,,,,,,,,,,,,,,,,,,,,,,,,,,,,,,,,,,,,,,,,,,,
HeavyTowPro - C1 Light & Medium Duty Towing,,,Paused,,,towing company equipment list,Negative Phrase,,,,,,,,,,,,,,,,,,,,,,,,,,,,,,,,,,,,,,,,,,,,,
HeavyTowPro - C2 Heavy Duty & Commercial,,,Paused,,,towing company equipment list,Negative Phrase,,,,,,,,,,,,,,,,,,,,,,,,,,,,,,,,,,,,,,,,,,,,,
HeavyTowPro - C1 Light & Medium Duty Towing,,,Paused,,,towing dispatch software,Negative Phrase,,,,,,,,,,,,,,,,,,,,,,,,,,,,,,,,,,,,,,,,,,,,,
HeavyTowPro - C2 Heavy Duty & Commercial,,,Paused,,,towing dispatch software,Negative Phrase,,,,,,,,,,,,,,,,,,,,,,,,,,,,,,,,,,,,,,,,,,,,,
HeavyTowPro - C1 Light & Medium Duty Towing,,,Paused,,,tow dispatch software,Negative Phrase,,,,,,,,,,,,,,,,,,,,,,,,,,,,,,,,,,,,,,,,,,,,,
HeavyTowPro - C2 Heavy Duty & Commercial,,,Paused,,,tow dispatch software,Negative Phrase,,,,,,,,,,,,,,,,,,,,,,,,,,,,,,,,,,,,,,,,,,,,,
HeavyTowPro - C1 Light & Medium Duty Towing,,,Paused,,,towing management software,Negative Phrase,,,,,,,,,,,,,,,,,,,,,,,,,,,,,,,,,,,,,,,,,,,,,
HeavyTowPro - C2 Heavy Duty & Commercial,,,Paused,,,towing management software,Negative Phrase,,,,,,,,,,,,,,,,,,,,,,,,,,,,,,,,,,,,,,,,,,,,,
HeavyTowPro - C1 Light & Medium Duty Towing,,,Paused,,,impound management software,Negative Phrase,,,,,,,,,,,,,,,,,,,,,,,,,,,,,,,,,,,,,,,,,,,,,
HeavyTowPro - C2 Heavy Duty & Commercial,,,Paused,,,impound management software,Negative Phrase,,,,,,,,,,,,,,,,,,,,,,,,,,,,,,,,,,,,,,,,,,,,,
HeavyTowPro - C1 Light & Medium Duty Towing,,,Paused,,,towing software,Negative Phrase,,,,,,,,,,,,,,,,,,,,,,,,,,,,,,,,,,,,,,,,,,,,,
HeavyTowPro - C2 Heavy Duty & Commercial,,,Paused,,,towing software,Negative Phrase,,,,,,,,,,,,,,,,,,,,,,,,,,,,,,,,,,,,,,,,,,,,,
HeavyTowPro - C1 Light & Medium Duty Towing,,,Paused,,,wrecker software,Negative Phrase,,,,,,,,,,,,,,,,,,,,,,,,,,,,,,,,,,,,,,,,,,,,,
HeavyTowPro - C2 Heavy Duty & Commercial,,,Paused,,,wrecker software,Negative Phrase,,,,,,,,,,,,,,,,,,,,,,,,,,,,,,,,,,,,,,,,,,,,,
HeavyTowPro - C1 Light & Medium Duty Towing,,,Paused,,,lot management software,Negative Phrase,,,,,,,,,,,,,,,,,,,,,,,,,,,,,,,,,,,,,,,,,,,,,
HeavyTowPro - C2 Heavy Duty & Commercial,,,Paused,,,lot management software,Negative Phrase,,,,,,,,,,,,,,,,,,,,,,,,,,,,,,,,,,,,,,,,,,,,,
HeavyTowPro - C1 Light & Medium Duty Towing,,,Paused,,,tow management system,Negative Phrase,,,,,,,,,,,,,,,,,,,,,,,,,,,,,,,,,,,,,,,,,,,,,
HeavyTowPro - C2 Heavy Duty & Commercial,,,Paused,,,tow management system,Negative Phrase,,,,,,,,,,,,,,,,,,,,,,,,,,,,,,,,,,,,,,,,,,,,,
HeavyTowPro - C1 Light & Medium Duty Towing,,,Paused,,,towing CRM,Negative Phrase,,,,,,,,,,,,,,,,,,,,,,,,,,,,,,,,,,,,,,,,,,,,,
HeavyTowPro - C2 Heavy Duty & Commercial,,,Paused,,,towing CRM,Negative Phrase,,,,,,,,,,,,,,,,,,,,,,,,,,,,,,,,,,,,,,,,,,,,,
HeavyTowPro - C1 Light & Medium Duty Towing,,,Paused,,,lien sale,Negative Phrase,,,,,,,,,,,,,,,,,,,,,,,,,,,,,,,,,,,,,,,,,,,,,
HeavyTowPro - C2 Heavy Duty & Commercial,,,Paused,,,lien sale,Negative Phrase,,,,,,,,,,,,,,,,,,,,,,,,,,,,,,,,,,,,,,,,,,,,,
HeavyTowPro - C1 Light & Medium Duty Towing,,,Paused,,,vehicle lien sale,Negative Phrase,,,,,,,,,,,,,,,,,,,,,,,,,,,,,,,,,,,,,,,,,,,,,
HeavyTowPro - C2 Heavy Duty & Commercial,,,Paused,,,vehicle lien sale,Negative Phrase,,,,,,,,,,,,,,,,,,,,,,,,,,,,,,,,,,,,,,,,,,,,,
HeavyTowPro - C1 Light & Medium Duty Towing,,,Paused,,,abandoned vehicle process,Negative Phrase,,,,,,,,,,,,,,,,,,,,,,,,,,,,,,,,,,,,,,,,,,,,,
HeavyTowPro - C2 Heavy Duty & Commercial,,,Paused,,,abandoned vehicle process,Negative Phrase,,,,,,,,,,,,,,,,,,,,,,,,,,,,,,,,,,,,,,,,,,,,,
HeavyTowPro - C1 Light & Medium Duty Towing,,,Paused,,,towing lien law,Negative Phrase,,,,,,,,,,,,,,,,,,,,,,,,,,,,,,,,,,,,,,,,,,,,,
HeavyTowPro - C2 Heavy Duty & Commercial,,,Paused,,,towing lien law,Negative Phrase,,,,,,,,,,,,,,,,,,,,,,,,,,,,,,,,,,,,,,,,,,,,,
HeavyTowPro - C2 Heavy Duty & Commercial,,,Paused,,,DOT number registration,Negative Phrase,,,,,,,,,,,,,,,,,,,,,,,,,,,,,,,,,,,,,,,,,,,,,
HeavyTowPro - C2 Heavy Duty & Commercial,,,Paused,,,motor carrier number,Negative Phrase,,,,,,,,,,,,,,,,,,,,,,,,,,,,,,,,,,,,,,,,,,,,,
HeavyTowPro - C1 Light & Medium Duty Towing,,,Paused,,,tow truck rental,Negative Phrase,,,,,,,,,,,,,,,,,,,,,,,,,,,,,,,,,,,,,,,,,,,,,
HeavyTowPro - C2 Heavy Duty & Commercial,,,Paused,,,tow truck rental,Negative Phrase,,,,,,,,,,,,,,,,,,,,,,,,,,,,,,,,,,,,,,,,,,,,,
HeavyTowPro - C1 Light & Medium Duty Towing,,,Paused,,,rent tow truck,Negative Phrase,,,,,,,,,,,,,,,,,,,,,,,,,,,,,,,,,,,,,,,,,,,,,
HeavyTowPro - C2 Heavy Duty & Commercial,,,Paused,,,rent tow truck,Negative Phrase,,,,,,,,,,,,,,,,,,,,,,,,,,,,,,,,,,,,,,,,,,,,,
HeavyTowPro - C1 Light & Medium Duty Towing,,,Paused,,,rent a tow truck,Negative Phrase,,,,,,,,,,,,,,,,,,,,,,,,,,,,,,,,,,,,,,,,,,,,,
HeavyTowPro - C2 Heavy Duty & Commercial,,,Paused,,,rent a tow truck,Negative Phrase,,,,,,,,,,,,,,,,,,,,,,,,,,,,,,,,,,,,,,,,,,,,,
HeavyTowPro - C1 Light & Medium Duty Towing,,,Paused,,,wrecker rental,Negative Phrase,,,,,,,,,,,,,,,,,,,,,,,,,,,,,,,,,,,,,,,,,,,,,
HeavyTowPro - C2 Heavy Duty & Commercial,,,Paused,,,wrecker rental,Negative Phrase,,,,,,,,,,,,,,,,,,,,,,,,,,,,,,,,,,,,,,,,,,,,,
HeavyTowPro - C1 Light & Medium Duty Towing,,,Paused,,,flatbed rental,Negative Phrase,,,,,,,,,,,,,,,,,,,,,,,,,,,,,,,,,,,,,,,,,,,,,
HeavyTowPro - C2 Heavy Duty & Commercial,,,Paused,,,flatbed rental,Negative Phrase,,,,,,,,,,,,,,,,,,,,,,,,,,,,,,,,,,,,,,,,,,,,,
HeavyTowPro - C1 Light & Medium Duty Towing,,,Paused,,,tow dolly rental,Negative Phrase,,,,,,,,,,,,,,,,,,,,,,,,,,,,,,,,,,,,,,,,,,,,,
HeavyTowPro - C2 Heavy Duty & Commercial,,,Paused,,,tow dolly rental,Negative Phrase,,,,,,,,,,,,,,,,,,,,,,,,,,,,,,,,,,,,,,,,,,,,,
HeavyTowPro - C1 Light & Medium Duty Towing,,,Paused,,,car dolly rental,Negative Phrase,,,,,,,,,,,,,,,,,,,,,,,,,,,,,,,,,,,,,,,,,,,,,
HeavyTowPro - C2 Heavy Duty & Commercial,,,Paused,,,car dolly rental,Negative Phrase,,,,,,,,,,,,,,,,,,,,,,,,,,,,,,,,,,,,,,,,,,,,,
HeavyTowPro - C1 Light & Medium Duty Towing,,,Paused,,,car hauler rental,Negative Phrase,,,,,,,,,,,,,,,,,,,,,,,,,,,,,,,,,,,,,,,,,,,,,
HeavyTowPro - C2 Heavy Duty & Commercial,,,Paused,,,car hauler rental,Negative Phrase,,,,,,,,,,,,,,,,,,,,,,,,,,,,,,,,,,,,,,,,,,,,,
HeavyTowPro - C1 Light & Medium Duty Towing,,,Paused,,,vehicle transport rental,Negative Phrase,,,,,,,,,,,,,,,,,,,,,,,,,,,,,,,,,,,,,,,,,,,,,
HeavyTowPro - C2 Heavy Duty & Commercial,,,Paused,,,vehicle transport rental,Negative Phrase,,,,,,,,,,,,,,,,,,,,,,,,,,,,,,,,,,,,,,,,,,,,,
HeavyTowPro - C1 Light & Medium Duty Towing,,,Paused,,,car transport rental,Negative Phrase,,,,,,,,,,,,,,,,,,,,,,,,,,,,,,,,,,,,,,,,,,,,,
HeavyTowPro - C2 Heavy Duty & Commercial,,,Paused,,,car transport rental,Negative Phrase,,,,,,,,,,,,,,,,,,,,,,,,,,,,,,,,,,,,,,,,,,,,,
HeavyTowPro - C1 Light & Medium Duty Towing,,,Paused,,,uhaul tow dolly,Negative Phrase,,,,,,,,,,,,,,,,,,,,,,,,,,,,,,,,,,,,,,,,,,,,,
HeavyTowPro - C2 Heavy Duty & Commercial,,,Paused,,,uhaul tow dolly,Negative Phrase,,,,,,,,,,,,,,,,,,,,,,,,,,,,,,,,,,,,,,,,,,,,,
HeavyTowPro - C1 Light & Medium Duty Towing,,,Paused,,,u-haul car dolly,Negative Phrase,,,,,,,,,,,,,,,,,,,,,,,,,,,,,,,,,,,,,,,,,,,,,
HeavyTowPro - C2 Heavy Duty & Commercial,,,Paused,,,u-haul car dolly,Negative Phrase,,,,,,,,,,,,,,,,,,,,,,,,,,,,,,,,,,,,,,,,,,,,,
HeavyTowPro - C1 Light & Medium Duty Towing,,,Paused,,,uhaul car hauler,Negative Phrase,,,,,,,,,,,,,,,,,,,,,,,,,,,,,,,,,,,,,,,,,,,,,
HeavyTowPro - C2 Heavy Duty & Commercial,,,Paused,,,uhaul car hauler,Negative Phrase,,,,,,,,,,,,,,,,,,,,,,,,,,,,,,,,,,,,,,,,,,,,,
HeavyTowPro - C2 Heavy Duty & Commercial,,,Paused,,,heavy equipment rental,Negative Phrase,,,,,,,,,,,,,,,,,,,,,,,,,,,,,,,,,,,,,,,,,,,,,
HeavyTowPro - C2 Heavy Duty & Commercial,,,Paused,,,crane rental,Negative Phrase,,,,,,,,,,,,,,,,,,,,,,,,,,,,,,,,,,,,,,,,,,,,,
HeavyTowPro - C2 Heavy Duty & Commercial,,,Paused,,,lowboy rental,Negative Phrase,,,,,,,,,,,,,,,,,,,,,,,,,,,,,,,,,,,,,,,,,,,,,
HeavyTowPro - C1 Light & Medium Duty Towing,,,Paused,,,tow truck training,Negative Phrase,,,,,,,,,,,,,,,,,,,,,,,,,,,,,,,,,,,,,,,,,,,,,
HeavyTowPro - C2 Heavy Duty & Commercial,,,Paused,,,tow truck training,Negative Phrase,,,,,,,,,,,,,,,,,,,,,,,,,,,,,,,,,,,,,,,,,,,,,
HeavyTowPro - C1 Light & Medium Duty Towing,,,Paused,,,towing training,Negative Phrase,,,,,,,,,,,,,,,,,,,,,,,,,,,,,,,,,,,,,,,,,,,,,
HeavyTowPro - C2 Heavy Duty & Commercial,,,Paused,,,towing training,Negative Phrase,,,,,,,,,,,,,,,,,,,,,,,,,,,,,,,,,,,,,,,,,,,,,
HeavyTowPro - C1 Light & Medium Duty Towing,,,Paused,,,towing course,Negative Phrase,,,,,,,,,,,,,,,,,,,,,,,,,,,,,,,,,,,,,,,,,,,,,
HeavyTowPro - C2 Heavy Duty & Commercial,,,Paused,,,towing course,Negative Phrase,,,,,,,,,,,,,,,,,,,,,,,,,,,,,,,,,,,,,,,,,,,,,
HeavyTowPro - C1 Light & Medium Duty Towing,,,Paused,,,tow truck course,Negative Phrase,,,,,,,,,,,,,,,,,,,,,,,,,,,,,,,,,,,,,,,,,,,,,
HeavyTowPro - C2 Heavy Duty & Commercial,,,Paused,,,tow truck course,Negative Phrase,,,,,,,,,,,,,,,,,,,,,,,,,,,,,,,,,,,,,,,,,,,,,
HeavyTowPro - C1 Light & Medium Duty Towing,,,Paused,,,towing school,Negative Phrase,,,,,,,,,,,,,,,,,,,,,,,,,,,,,,,,,,,,,,,,,,,,,
HeavyTowPro - C2 Heavy Duty & Commercial,,,Paused,,,towing school,Negative Phrase,,,,,,,,,,,,,,,,,,,,,,,,,,,,,,,,,,,,,,,,,,,,,
HeavyTowPro - C1 Light & Medium Duty Towing,,,Paused,,,tow truck school,Negative Phrase,,,,,,,,,,,,,,,,,,,,,,,,,,,,,,,,,,,,,,,,,,,,,
HeavyTowPro - C2 Heavy Duty & Commercial,,,Paused,,,tow truck school,Negative Phrase,,,,,,,,,,,,,,,,,,,,,,,,,,,,,,,,,,,,,,,,,,,,,
HeavyTowPro - C1 Light & Medium Duty Towing,,,Paused,,,towing certification course,Negative Phrase,,,,,,,,,,,,,,,,,,,,,,,,,,,,,,,,,,,,,,,,,,,,,
HeavyTowPro - C2 Heavy Duty & Commercial,,,Paused,,,towing certification course,Negative Phrase,,,,,,,,,,,,,,,,,,,,,,,,,,,,,,,,,,,,,,,,,,,,,
HeavyTowPro - C1 Light & Medium Duty Towing,,,Paused,,,wrecker operator training,Negative Phrase,,,,,,,,,,,,,,,,,,,,,,,,,,,,,,,,,,,,,,,,,,,,,
HeavyTowPro - C2 Heavy Duty & Commercial,,,Paused,,,wrecker operator training,Negative Phrase,,,,,,,,,,,,,,,,,,,,,,,,,,,,,,,,,,,,,,,,,,,,,
HeavyTowPro - C1 Light & Medium Duty Towing,,,Paused,,,wrecker training,Negative Phrase,,,,,,,,,,,,,,,,,,,,,,,,,,,,,,,,,,,,,,,,,,,,,
HeavyTowPro - C2 Heavy Duty & Commercial,,,Paused,,,wrecker training,Negative Phrase,,,,,,,,,,,,,,,,,,,,,,,,,,,,,,,,,,,,,,,,,,,,,
HeavyTowPro - C1 Light & Medium Duty Towing,,,Paused,,,heavy recovery training,Negative Phrase,,,,,,,,,,,,,,,,,,,,,,,,,,,,,,,,,,,,,,,,,,,,,
HeavyTowPro - C2 Heavy Duty & Commercial,,,Paused,,,heavy recovery training,Negative Phrase,,,,,,,,,,,,,,,,,,,,,,,,,,,,,,,,,,,,,,,,,,,,,
HeavyTowPro - C1 Light & Medium Duty Towing,,,Paused,,,CDL school,Negative Phrase,,,,,,,,,,,,,,,,,,,,,,,,,,,,,,,,,,,,,,,,,,,,,
HeavyTowPro - C2 Heavy Duty & Commercial,,,Paused,,,CDL school,Negative Phrase,,,,,,,,,,,,,,,,,,,,,,,,,,,,,,,,,,,,,,,,,,,,,
HeavyTowPro - C1 Light & Medium Duty Towing,,,Paused,,,CDL training,Negative Phrase,,,,,,,,,,,,,,,,,,,,,,,,,,,,,,,,,,,,,,,,,,,,,
HeavyTowPro - C2 Heavy Duty & Commercial,,,Paused,,,CDL training,Negative Phrase,,,,,,,,,,,,,,,,,,,,,,,,,,,,,,,,,,,,,,,,,,,,,
HeavyTowPro - C1 Light & Medium Duty Towing,,,Paused,,,CDL course,Negative Phrase,,,,,,,,,,,,,,,,,,,,,,,,,,,,,,,,,,,,,,,,,,,,,
HeavyTowPro - C2 Heavy Duty & Commercial,,,Paused,,,CDL course,Negative Phrase,,,,,,,,,,,,,,,,,,,,,,,,,,,,,,,,,,,,,,,,,,,,,
HeavyTowPro - C1 Light & Medium Duty Towing,,,Paused,,,how to get CDL,Negative Phrase,,,,,,,,,,,,,,,,,,,,,,,,,,,,,,,,,,,,,,,,,,,,,
HeavyTowPro - C2 Heavy Duty & Commercial,,,Paused,,,how to get CDL,Negative Phrase,,,,,,,,,,,,,,,,,,,,,,,,,,,,,,,,,,,,,,,,,,,,,
HeavyTowPro - C1 Light & Medium Duty Towing,,,Paused,,,CDL requirements,Negative Phrase,,,,,,,,,,,,,,,,,,,,,,,,,,,,,,,,,,,,,,,,,,,,,
HeavyTowPro - C2 Heavy Duty & Commercial,,,Paused,,,CDL requirements,Negative Phrase,,,,,,,,,,,,,,,,,,,,,,,,,,,,,,,,,,,,,,,,,,,,,
HeavyTowPro - C1 Light & Medium Duty Towing,,,Paused,,,CDL cost,Negative Phrase,,,,,,,,,,,,,,,,,,,,,,,,,,,,,,,,,,,,,,,,,,,,,
HeavyTowPro - C2 Heavy Duty & Commercial,,,Paused,,,CDL cost,Negative Phrase,,,,,,,,,,,,,,,,,,,,,,,,,,,,,,,,,,,,,,,,,,,,,
HeavyTowPro - C1 Light & Medium Duty Towing,,,Paused,,,commercial drivers license,Negative Phrase,,,,,,,,,,,,,,,,,,,,,,,,,,,,,,,,,,,,,,,,,,,,,
HeavyTowPro - C2 Heavy Duty & Commercial,,,Paused,,,commercial drivers license,Negative Phrase,,,,,,,,,,,,,,,,,,,,,,,,,,,,,,,,,,,,,,,,,,,,,
HeavyTowPro - C1 Light & Medium Duty Towing,,,Paused,,,commercial driver license,Negative Phrase,,,,,,,,,,,,,,,,,,,,,,,,,,,,,,,,,,,,,,,,,,,,,
HeavyTowPro - C2 Heavy Duty & Commercial,,,Paused,,,commercial driver license,Negative Phrase,,,,,,,,,,,,,,,,,,,,,,,,,,,,,,,,,,,,,,,,,,,,,
HeavyTowPro - C1 Light & Medium Duty Towing,,,Paused,,,tow truck driving school,Negative Phrase,,,,,,,,,,,,,,,,,,,,,,,,,,,,,,,,,,,,,,,,,,,,,
HeavyTowPro - C2 Heavy Duty & Commercial,,,Paused,,,tow truck driving school,Negative Phrase,,,,,,,,,,,,,,,,,,,,,,,,,,,,,,,,,,,,,,,,,,,,,
HeavyTowPro - C1 Light & Medium Duty Towing,,,Paused,,,tow truck license training,Negative Phrase,,,,,,,,,,,,,,,,,,,,,,,,,,,,,,,,,,,,,,,,,,,,,
HeavyTowPro - C2 Heavy Duty & Commercial,,,Paused,,,tow truck license training,Negative Phrase,,,,,,,,,,,,,,,,,,,,,,,,,,,,,,,,,,,,,,,,,,,,,
HeavyTowPro - C2 Heavy Duty & Commercial,,,Paused,,,heavy equipment operator training,Negative Phrase,,,,,,,,,,,,,,,,,,,,,,,,,,,,,,,,,,,,,,,,,,,,,
HeavyTowPro - C2 Heavy Duty & Commercial,,,Paused,,,equipment operator certification,Negative Phrase,,,,,,,,,,,,,,,,,,,,,,,,,,,,,,,,,,,,,,,,,,,,,
HeavyTowPro - C2 Heavy Duty & Commercial,,,Paused,,,crane operator training,Negative Phrase,,,,,,,,,,,,,,,,,,,,,,,,,,,,,,,,,,,,,,,,,,,,,
HeavyTowPro - C1 Light & Medium Duty Towing,,,Paused,,,tow truck insurance,Negative Phrase,,,,,,,,,,,,,,,,,,,,,,,,,,,,,,,,,,,,,,,,,,,,,
HeavyTowPro - C2 Heavy Duty & Commercial,,,Paused,,,tow truck insurance,Negative Phrase,,,,,,,,,,,,,,,,,,,,,,,,,,,,,,,,,,,,,,,,,,,,,
HeavyTowPro - C1 Light & Medium Duty Towing,,,Paused,,,wrecker insurance,Negative Phrase,,,,,,,,,,,,,,,,,,,,,,,,,,,,,,,,,,,,,,,,,,,,,
HeavyTowPro - C2 Heavy Duty & Commercial,,,Paused,,,wrecker insurance,Negative Phrase,,,,,,,,,,,,,,,,,,,,,,,,,,,,,,,,,,,,,,,,,,,,,
HeavyTowPro - C1 Light & Medium Duty Towing,,,Paused,,,towing company insurance,Negative Phrase,,,,,,,,,,,,,,,,,,,,,,,,,,,,,,,,,,,,,,,,,,,,,
HeavyTowPro - C2 Heavy Duty & Commercial,,,Paused,,,towing company insurance,Negative Phrase,,,,,,,,,,,,,,,,,,,,,,,,,,,,,,,,,,,,,,,,,,,,,
HeavyTowPro - C2 Heavy Duty & Commercial,,,Paused,,,motor carrier insurance,Negative Phrase,,,,,,,,,,,,,,,,,,,,,,,,,,,,,,,,,,,,,,,,,,,,,
HeavyTowPro - C1 Light & Medium Duty Towing,,,Paused,,,commercial auto insurance,Negative Phrase,,,,,,,,,,,,,,,,,,,,,,,,,,,,,,,,,,,,,,,,,,,,,
HeavyTowPro - C2 Heavy Duty & Commercial,,,Paused,,,commercial auto insurance,Negative Phrase,,,,,,,,,,,,,,,,,,,,,,,,,,,,,,,,,,,,,,,,,,,,,
HeavyTowPro - C2 Heavy Duty & Commercial,,,Paused,,,fleet insurance,Negative Phrase,,,,,,,,,,,,,,,,,,,,,,,,,,,,,,,,,,,,,,,,,,,,,
HeavyTowPro - C2 Heavy Duty & Commercial,,,Paused,,,cargo insurance,Negative Phrase,,,,,,,,,,,,,,,,,,,,,,,,,,,,,,,,,,,,,,,,,,,,,
HeavyTowPro - C1 Light & Medium Duty Towing,,,Paused,,,AAA towing,Negative Phrase,,,,,,,,,,,,,,,,,,,,,,,,,,,,,,,,,,,,,,,,,,,,,
HeavyTowPro - C1 Light & Medium Duty Towing,,,Paused,,,AAA membership,Negative Phrase,,,,,,,,,,,,,,,,,,,,,,,,,,,,,,,,,,,,,,,,,,,,,
HeavyTowPro - C1 Light & Medium Duty Towing,,,Paused,,,AAA roadside,Negative Phrase,,,,,,,,,,,,,,,,,,,,,,,,,,,,,,,,,,,,,,,,,,,,,
HeavyTowPro - C1 Light & Medium Duty Towing,,,Paused,,,roadside assistance membership,Negative Phrase,,,,,,,,,,,,,,,,,,,,,,,,,,,,,,,,,,,,,,,,,,,,,
HeavyTowPro - C1 Light & Medium Duty Towing,,,Paused,,,roadside assistance club,Negative Phrase,,,,,,,,,,,,,,,,,,,,,,,,,,,,,,,,,,,,,,,,,,,,,
HeavyTowPro - C1 Light & Medium Duty Towing,,,Paused,,,roadside assistance plan,Negative Phrase,,,,,,,,,,,,,,,,,,,,,,,,,,,,,,,,,,,,,,,,,,,,,
HeavyTowPro - C1 Light & Medium Duty Towing,,,Paused,,,motor club,Negative Phrase,,,,,,,,,,,,,,,,,,,,,,,,,,,,,,,,,,,,,,,,,,,,,
HeavyTowPro - C1 Light & Medium Duty Towing,,,Paused,,,does insurance cover towing,Negative Phrase,,,,,,,,,,,,,,,,,,,,,,,,,,,,,,,,,,,,,,,,,,,,,
HeavyTowPro - C1 Light & Medium Duty Towing,,,Paused,,,towing covered by insurance,Negative Phrase,,,,,,,,,,,,,,,,,,,,,,,,,,,,,,,,,,,,,,,,,,,,,
HeavyTowPro - C1 Light & Medium Duty Towing,,,Paused,,,does AAA cover towing,Negative Phrase,,,,,,,,,,,,,,,,,,,,,,,,,,,,,,,,,,,,,,,,,,,,,
HeavyTowPro - C1 Light & Medium Duty Towing,,,Paused,,,roadside assistance coverage,Negative Phrase,,,,,,,,,,,,,,,,,,,,,,,,,,,,,,,,,,,,,,,,,,,,,
HeavyTowPro - C1 Light & Medium Duty Towing,,,Paused,,,towing reimbursement,Negative Phrase,,,,,,,,,,,,,,,,,,,,,,,,,,,,,,,,,,,,,,,,,,,,,
HeavyTowPro - C1 Light & Medium Duty Towing,,,Paused,,,towing laws,Negative Phrase,,,,,,,,,,,,,,,,,,,,,,,,,,,,,,,,,,,,,,,,,,,,,
HeavyTowPro - C2 Heavy Duty & Commercial,,,Paused,,,towing laws,Negative Phrase,,,,,,,,,,,,,,,,,,,,,,,,,,,,,,,,,,,,,,,,,,,,,
HeavyTowPro - C1 Light & Medium Duty Towing,,,Paused,,,towing regulations,Negative Phrase,,,,,,,,,,,,,,,,,,,,,,,,,,,,,,,,,,,,,,,,,,,,,
HeavyTowPro - C2 Heavy Duty & Commercial,,,Paused,,,towing regulations,Negative Phrase,,,,,,,,,,,,,,,,,,,,,,,,,,,,,,,,,,,,,,,,,,,,,
HeavyTowPro - C1 Light & Medium Duty Towing,,,Paused,,,towing ordinance,Negative Phrase,,,,,,,,,,,,,,,,,,,,,,,,,,,,,,,,,,,,,,,,,,,,,
HeavyTowPro - C2 Heavy Duty & Commercial,,,Paused,,,towing ordinance,Negative Phrase,,,,,,,,,,,,,,,,,,,,,,,,,,,,,,,,,,,,,,,,,,,,,
HeavyTowPro - C1 Light & Medium Duty Towing,,,Paused,,,towing rules,Negative Phrase,,,,,,,,,,,,,,,,,,,,,,,,,,,,,,,,,,,,,,,,,,,,,
HeavyTowPro - C2 Heavy Duty & Commercial,,,Paused,,,towing rules,Negative Phrase,,,,,,,,,,,,,,,,,,,,,,,,,,,,,,,,,,,,,,,,,,,,,
HeavyTowPro - C1 Light & Medium Duty Towing,,,Paused,,,illegal towing,Negative Phrase,,,,,,,,,,,,,,,,,,,,,,,,,,,,,,,,,,,,,,,,,,,,,
HeavyTowPro - C2 Heavy Duty & Commercial,,,Paused,,,illegal towing,Negative Phrase,,,,,,,,,,,,,,,,,,,,,,,,,,,,,,,,,,,,,,,,,,,,,
HeavyTowPro - C1 Light & Medium Duty Towing,,,Paused,,,unlawful towing,Negative Phrase,,,,,,,,,,,,,,,,,,,,,,,,,,,,,,,,,,,,,,,,,,,,,
HeavyTowPro - C2 Heavy Duty & Commercial,,,Paused,,,unlawful towing,Negative Phrase,,,,,,,,,,,,,,,,,,,,,,,,,,,,,,,,,,,,,,,,,,,,,
HeavyTowPro - C1 Light & Medium Duty Towing,,,Paused,,,predatory towing,Negative Phrase,,,,,,,,,,,,,,,,,,,,,,,,,,,,,,,,,,,,,,,,,,,,,
HeavyTowPro - C2 Heavy Duty & Commercial,,,Paused,,,predatory towing,Negative Phrase,,,,,,,,,,,,,,,,,,,,,,,,,,,,,,,,,,,,,,,,,,,,,
HeavyTowPro - C1 Light & Medium Duty Towing,,,Paused,,,wrongful towing,Negative Phrase,,,,,,,,,,,,,,,,,,,,,,,,,,,,,,,,,,,,,,,,,,,,,
HeavyTowPro - C2 Heavy Duty & Commercial,,,Paused,,,wrongful towing,Negative Phrase,,,,,,,,,,,,,,,,,,,,,,,,,,,,,,,,,,,,,,,,,,,,,
HeavyTowPro - C1 Light & Medium Duty Towing,,,Paused,,,towing complaint,Negative Phrase,,,,,,,,,,,,,,,,,,,,,,,,,,,,,,,,,,,,,,,,,,,,,
HeavyTowPro - C2 Heavy Duty & Commercial,,,Paused,,,towing complaint,Negative Phrase,,,,,,,,,,,,,,,,,,,,,,,,,,,,,,,,,,,,,,,,,,,,,
HeavyTowPro - C1 Light & Medium Duty Towing,,,Paused,,,towing dispute,Negative Phrase,,,,,,,,,,,,,,,,,,,,,,,,,,,,,,,,,,,,,,,,,,,,,
HeavyTowPro - C2 Heavy Duty & Commercial,,,Paused,,,towing dispute,Negative Phrase,,,,,,,,,,,,,,,,,,,,,,,,,,,,,,,,,,,,,,,,,,,,,
HeavyTowPro - C1 Light & Medium Duty Towing,,,Paused,,,towing scam,Negative Phrase,,,,,,,,,,,,,,,,,,,,,,,,,,,,,,,,,,,,,,,,,,,,,
HeavyTowPro - C2 Heavy Duty & Commercial,,,Paused,,,towing scam,Negative Phrase,,,,,,,,,,,,,,,,,,,,,,,,,,,,,,,,,,,,,,,,,,,,,
HeavyTowPro - C1 Light & Medium Duty Towing,,,Paused,,,towing fraud,Negative Phrase,,,,,,,,,,,,,,,,,,,,,,,,,,,,,,,,,,,,,,,,,,,,,
HeavyTowPro - C2 Heavy Duty & Commercial,,,Paused,,,towing fraud,Negative Phrase,,,,,,,,,,,,,,,,,,,,,,,,,,,,,,,,,,,,,,,,,,,,,
HeavyTowPro - C1 Light & Medium Duty Towing,,,Paused,,,towing abuse,Negative Phrase,,,,,,,,,,,,,,,,,,,,,,,,,,,,,,,,,,,,,,,,,,,,,
HeavyTowPro - C2 Heavy Duty & Commercial,,,Paused,,,towing abuse,Negative Phrase,,,,,,,,,,,,,,,,,,,,,,,,,,,,,,,,,,,,,,,,,,,,,
HeavyTowPro - C1 Light & Medium Duty Towing,,,Paused,,,how to fight a tow,Negative Phrase,,,,,,,,,,,,,,,,,,,,,,,,,,,,,,,,,,,,,,,,,,,,,
HeavyTowPro - C2 Heavy Duty & Commercial,,,Paused,,,how to fight a tow,Negative Phrase,,,,,,,,,,,,,,,,,,,,,,,,,,,,,,,,,,,,,,,,,,,,,
HeavyTowPro - C1 Light & Medium Duty Towing,,,Paused,,,how to dispute a tow,Negative Phrase,,,,,,,,,,,,,,,,,,,,,,,,,,,,,,,,,,,,,,,,,,,,,
HeavyTowPro - C2 Heavy Duty & Commercial,,,Paused,,,how to dispute a tow,Negative Phrase,,,,,,,,,,,,,,,,,,,,,,,,,,,,,,,,,,,,,,,,,,,,,
HeavyTowPro - C1 Light & Medium Duty Towing,,,Paused,,,towing fee dispute,Negative Phrase,,,,,,,,,,,,,,,,,,,,,,,,,,,,,,,,,,,,,,,,,,,,,
HeavyTowPro - C2 Heavy Duty & Commercial,,,Paused,,,towing fee dispute,Negative Phrase,,,,,,,,,,,,,,,,,,,,,,,,,,,,,,,,,,,,,,,,,,,,,
HeavyTowPro - C1 Light & Medium Duty Towing,,,Paused,,,sue towing company,Negative Phrase,,,,,,,,,,,,,,,,,,,,,,,,,,,,,,,,,,,,,,,,,,,,,
HeavyTowPro - C2 Heavy Duty & Commercial,,,Paused,,,sue towing company,Negative Phrase,,,,,,,,,,,,,,,,,,,,,,,,,,,,,,,,,,,,,,,,,,,,,
HeavyTowPro - C1 Light & Medium Duty Towing,,,Paused,,,towing lawsuit,Negative Phrase,,,,,,,,,,,,,,,,,,,,,,,,,,,,,,,,,,,,,,,,,,,,,
HeavyTowPro - C2 Heavy Duty & Commercial,,,Paused,,,towing lawsuit,Negative Phrase,,,,,,,,,,,,,,,,,,,,,,,,,,,,,,,,,,,,,,,,,,,,,
HeavyTowPro - C1 Light & Medium Duty Towing,,,Paused,,,towing without notice,Negative Phrase,,,,,,,,,,,,,,,,,,,,,,,,,,,,,,,,,,,,,,,,,,,,,
HeavyTowPro - C2 Heavy Duty & Commercial,,,Paused,,,towing without notice,Negative Phrase,,,,,,,,,,,,,,,,,,,,,,,,,,,,,,,,,,,,,,,,,,,,,
HeavyTowPro - C1 Light & Medium Duty Towing,,,Paused,,,private property towing laws,Negative Phrase,,,,,,,,,,,,,,,,,,,,,,,,,,,,,,,,,,,,,,,,,,,,,
HeavyTowPro - C2 Heavy Duty & Commercial,,,Paused,,,private property towing laws,Negative Phrase,,,,,,,,,,,,,,,,,,,,,,,,,,,,,,,,,,,,,,,,,,,,,
HeavyTowPro - C1 Light & Medium Duty Towing,,,Paused,,,California towing law,Negative Phrase,,,,,,,,,,,,,,,,,,,,,,,,,,,,,,,,,,,,,,,,,,,,,
HeavyTowPro - C2 Heavy Duty & Commercial,,,Paused,,,California towing law,Negative Phrase,,,,,,,,,,,,,,,,,,,,,,,,,,,,,,,,,,,,,,,,,,,,,
HeavyTowPro - C1 Light & Medium Duty Towing,,,Paused,,,towing rights,Negative Phrase,,,,,,,,,,,,,,,,,,,,,,,,,,,,,,,,,,,,,,,,,,,,,
HeavyTowPro - C2 Heavy Duty & Commercial,,,Paused,,,towing rights,Negative Phrase,,,,,,,,,,,,,,,,,,,,,,,,,,,,,,,,,,,,,,,,,,,,,
HeavyTowPro - C1 Light & Medium Duty Towing,,,Paused,,,impound lot,Negative Phrase,,,,,,,,,,,,,,,,,,,,,,,,,,,,,,,,,,,,,,,,,,,,,
HeavyTowPro - C2 Heavy Duty & Commercial,,,Paused,,,impound lot,Negative Phrase,,,,,,,,,,,,,,,,,,,,,,,,,,,,,,,,,,,,,,,,,,,,,
HeavyTowPro - C1 Light & Medium Duty Towing,,,Paused,,,impound lot near me,Negative Phrase,,,,,,,,,,,,,,,,,,,,,,,,,,,,,,,,,,,,,,,,,,,,,
HeavyTowPro - C2 Heavy Duty & Commercial,,,Paused,,,impound lot near me,Negative Phrase,,,,,,,,,,,,,,,,,,,,,,,,,,,,,,,,,,,,,,,,,,,,,
HeavyTowPro - C1 Light & Medium Duty Towing,,,Paused,,,get car out of impound,Negative Phrase,,,,,,,,,,,,,,,,,,,,,,,,,,,,,,,,,,,,,,,,,,,,,
HeavyTowPro - C2 Heavy Duty & Commercial,,,Paused,,,get car out of impound,Negative Phrase,,,,,,,,,,,,,,,,,,,,,,,,,,,,,,,,,,,,,,,,,,,,,
HeavyTowPro - C1 Light & Medium Duty Towing,,,Paused,,,car impound,Negative Phrase,,,,,,,,,,,,,,,,,,,,,,,,,,,,,,,,,,,,,,,,,,,,,
HeavyTowPro - C2 Heavy Duty & Commercial,,,Paused,,,car impound,Negative Phrase,,,,,,,,,,,,,,,,,,,,,,,,,,,,,,,,,,,,,,,,,,,,,
HeavyTowPro - C1 Light & Medium Duty Towing,,,Paused,,,impound release,Negative Phrase,,,,,,,,,,,,,,,,,,,,,,,,,,,,,,,,,,,,,,,,,,,,,
HeavyTowPro - C2 Heavy Duty & Commercial,,,Paused,,,impound release,Negative Phrase,,,,,,,,,,,,,,,,,,,,,,,,,,,,,,,,,,,,,,,,,,,,,
HeavyTowPro - C1 Light & Medium Duty Towing,,,Paused,,,vehicle impound,Negative Phrase,,,,,,,,,,,,,,,,,,,,,,,,,,,,,,,,,,,,,,,,,,,,,
HeavyTowPro - C2 Heavy Duty & Commercial,,,Paused,,,vehicle impound,Negative Phrase,,,,,,,,,,,,,,,,,,,,,,,,,,,,,,,,,,,,,,,,,,,,,
HeavyTowPro - C1 Light & Medium Duty Towing,,,Paused,,,impound fee,Negative Phrase,,,,,,,,,,,,,,,,,,,,,,,,,,,,,,,,,,,,,,,,,,,,,
HeavyTowPro - C2 Heavy Duty & Commercial,,,Paused,,,impound fee,Negative Phrase,,,,,,,,,,,,,,,,,,,,,,,,,,,,,,,,,,,,,,,,,,,,,
HeavyTowPro - C1 Light & Medium Duty Towing,,,Paused,,,impound yard,Negative Phrase,,,,,,,,,,,,,,,,,,,,,,,,,,,,,,,,,,,,,,,,,,,,,
HeavyTowPro - C2 Heavy Duty & Commercial,,,Paused,,,impound yard,Negative Phrase,,,,,,,,,,,,,,,,,,,,,,,,,,,,,,,,,,,,,,,,,,,,,
HeavyTowPro - C1 Light & Medium Duty Towing,,,Paused,,,impound near me,Negative Phrase,,,,,,,,,,,,,,,,,,,,,,,,,,,,,,,,,,,,,,,,,,,,,
HeavyTowPro - C2 Heavy Duty & Commercial,,,Paused,,,impound near me,Negative Phrase,,,,,,,,,,,,,,,,,,,,,,,,,,,,,,,,,,,,,,,,,,,,,
HeavyTowPro - C1 Light & Medium Duty Towing,,,Paused,,,car towed by police,Negative Phrase,,,,,,,,,,,,,,,,,,,,,,,,,,,,,,,,,,,,,,,,,,,,,
HeavyTowPro - C2 Heavy Duty & Commercial,,,Paused,,,car towed by police,Negative Phrase,,,,,,,,,,,,,,,,,,,,,,,,,,,,,,,,,,,,,,,,,,,,,
HeavyTowPro - C1 Light & Medium Duty Towing,,,Paused,,,police impound,Negative Phrase,,,,,,,,,,,,,,,,,,,,,,,,,,,,,,,,,,,,,,,,,,,,,
HeavyTowPro - C2 Heavy Duty & Commercial,,,Paused,,,police impound,Negative Phrase,,,,,,,,,,,,,,,,,,,,,,,,,,,,,,,,,,,,,,,,,,,,,
HeavyTowPro - C1 Light & Medium Duty Towing,,,Paused,,,find impounded car,Negative Phrase,,,,,,,,,,,,,,,,,,,,,,,,,,,,,,,,,,,,,,,,,,,,,
HeavyTowPro - C2 Heavy Duty & Commercial,,,Paused,,,find impounded car,Negative Phrase,,,,,,,,,,,,,,,,,,,,,,,,,,,,,,,,,,,,,,,,,,,,,
HeavyTowPro - C1 Light & Medium Duty Towing,,,Paused,,,vehicle release form,Negative Phrase,,,,,,,,,,,,,,,,,,,,,,,,,,,,,,,,,,,,,,,,,,,,,
HeavyTowPro - C2 Heavy Duty & Commercial,,,Paused,,,vehicle release form,Negative Phrase,,,,,,,,,,,,,,,,,,,,,,,,,,,,,,,,,,,,,,,,,,,,,
HeavyTowPro - C1 Light & Medium Duty Towing,,,Paused,,,car seized,Negative Phrase,,,,,,,,,,,,,,,,,,,,,,,,,,,,,,,,,,,,,,,,,,,,,
HeavyTowPro - C2 Heavy Duty & Commercial,,,Paused,,,car seized,Negative Phrase,,,,,,,,,,,,,,,,,,,,,,,,,,,,,,,,,,,,,,,,,,,,,
HeavyTowPro - C1 Light & Medium Duty Towing,,,Paused,,,how to get car from impound,Negative Phrase,,,,,,,,,,,,,,,,,,,,,,,,,,,,,,,,,,,,,,,,,,,,,
HeavyTowPro - C2 Heavy Duty & Commercial,,,Paused,,,how to get car from impound,Negative Phrase,,,,,,,,,,,,,,,,,,,,,,,,,,,,,,,,,,,,,,,,,,,,,
HeavyTowPro - C1 Light & Medium Duty Towing,,,Paused,,,tow yard,Negative Phrase,,,,,,,,,,,,,,,,,,,,,,,,,,,,,,,,,,,,,,,,,,,,,
HeavyTowPro - C2 Heavy Duty & Commercial,,,Paused,,,tow yard,Negative Phrase,,,,,,,,,,,,,,,,,,,,,,,,,,,,,,,,,,,,,,,,,,,,,
HeavyTowPro - C1 Light & Medium Duty Towing,,,Paused,,,tow yard near me,Negative Phrase,,,,,,,,,,,,,,,,,,,,,,,,,,,,,,,,,,,,,,,,,,,,,
HeavyTowPro - C2 Heavy Duty & Commercial,,,Paused,,,tow yard near me,Negative Phrase,,,,,,,,,,,,,,,,,,,,,,,,,,,,,,,,,,,,,,,,,,,,,
HeavyTowPro - C2 Heavy Duty & Commercial,,,Paused,,,dispatch software,Negative Phrase,,,,,,,,,,,,,,,,,,,,,,,,,,,,,,,,,,,,,,,,,,,,,
HeavyTowPro - C2 Heavy Duty & Commercial,,,Paused,,,fleet management software,Negative Phrase,,,,,,,,,,,,,,,,,,,,,,,,,,,,,,,,,,,,,,,,,,,,,
HeavyTowPro - C2 Heavy Duty & Commercial,,,Paused,,,fleet tracking software,Negative Phrase,,,,,,,,,,,,,,,,,,,,,,,,,,,,,,,,,,,,,,,,,,,,,
HeavyTowPro - C2 Heavy Duty & Commercial,,,Paused,,,fleet GPS,Negative Phrase,,,,,,,,,,,,,,,,,,,,,,,,,,,,,,,,,,,,,,,,,,,,,
HeavyTowPro - C2 Heavy Duty & Commercial,,,Paused,,,GPS fleet tracking,Negative Phrase,,,,,,,,,,,,,,,,,,,,,,,,,,,,,,,,,,,,,,,,,,,,,
HeavyTowPro - C2 Heavy Duty & Commercial,,,Paused,,,electronic logging device,Negative Phrase,,,,,,,,,,,,,,,,,,,,,,,,,,,,,,,,,,,,,,,,,,,,,
HeavyTowPro - C2 Heavy Duty & Commercial,,,Paused,,,ELD compliance,Negative Phrase,,,,,,,,,,,,,,,,,,,,,,,,,,,,,,,,,,,,,,,,,,,,,
HeavyTowPro - C2 Heavy Duty & Commercial,,,Paused,,,truck GPS tracker,Negative Phrase,,,,,,,,,,,,,,,,,,,,,,,,,,,,,,,,,,,,,,,,,,,,,
HeavyTowPro - C2 Heavy Duty & Commercial,,,Paused,,,telematics,Negative Phrase,,,,,,,,,,,,,,,,,,,,,,,,,,,,,,,,,,,,,,,,,,,,,
HeavyTowPro - C2 Heavy Duty & Commercial,,,Paused,,,driver monitoring software,Negative Phrase,,,,,,,,,,,,,,,,,,,,,,,,,,,,,,,,,,,,,,,,,,,,,
HeavyTowPro - C2 Heavy Duty & Commercial,,,Paused,,,trucking software,Negative Phrase,,,,,,,,,,,,,,,,,,,,,,,,,,,,,,,,,,,,,,,,,,,,,
HeavyTowPro - C2 Heavy Duty & Commercial,,,Paused,,,freight software,Negative Phrase,,,,,,,,,,,,,,,,,,,,,,,,,,,,,,,,,,,,,,,,,,,,,
HeavyTowPro - C2 Heavy Duty & Commercial,,,Paused,,,load board,Negative Phrase,,,,,,,,,,,,,,,,,,,,,,,,,,,,,,,,,,,,,,,,,,,,,
HeavyTowPro - C2 Heavy Duty & Commercial,,,Paused,,,freight broker,Negative Phrase,,,,,,,,,,,,,,,,,,,,,,,,,,,,,,,,,,,,,,,,,,,,,
HeavyTowPro - C2 Heavy Duty & Commercial,,,Paused,,,freight factoring,Negative Phrase,,,,,,,,,,,,,,,,,,,,,,,,,,,,,,,,,,,,,,,,,,,,,
HeavyTowPro - C2 Heavy Duty & Commercial,,,Paused,,,trucking jobs,Negative Phrase,,,,,,,,,,,,,,,,,,,,,,,,,,,,,,,,,,,,,,,,,,,,,
HeavyTowPro - C2 Heavy Duty & Commercial,,,Paused,,,truck driver jobs,Negative Phrase,,,,,,,,,,,,,,,,,,,,,,,,,,,,,,,,,,,,,,,,,,,,,
HeavyTowPro - C2 Heavy Duty & Commercial,,,Paused,,,CDL jobs,Negative Phrase,,,,,,,,,,,,,,,,,,,,,,,,,,,,,,,,,,,,,,,,,,,,,
HeavyTowPro - C2 Heavy Duty & Commercial,,,Paused,,,owner operator jobs,Negative Phrase,,,,,,,,,,,,,,,,,,,,,,,,,,,,,,,,,,,,,,,,,,,,,
HeavyTowPro - C2 Heavy Duty & Commercial,,,Paused,,,start trucking company,Negative Phrase,,,,,,,,,,,,,,,,,,,,,,,,,,,,,,,,,,,,,,,,,,,,,
HeavyTowPro - C2 Heavy Duty & Commercial,,,Paused,,,semi truck repair,Negative Phrase,,,,,,,,,,,,,,,,,,,,,,,,,,,,,,,,,,,,,,,,,,,,,
HeavyTowPro - C2 Heavy Duty & Commercial,,,Paused,,,semi truck maintenance,Negative Phrase,,,,,,,,,,,,,,,,,,,,,,,,,,,,,,,,,,,,,,,,,,,,,
HeavyTowPro - C2 Heavy Duty & Commercial,,,Paused,,,semi truck parts,Negative Phrase,,,,,,,,,,,,,,,,,,,,,,,,,,,,,,,,,,,,,,,,,,,,,
HeavyTowPro - C2 Heavy Duty & Commercial,,,Paused,,,truck mechanic,Negative Phrase,,,,,,,,,,,,,,,,,,,,,,,,,,,,,,,,,,,,,,,,,,,,,
HeavyTowPro - C2 Heavy Duty & Commercial,,,Paused,,,commercial truck repair,Negative Phrase,,,,,,,,,,,,,,,,,,,,,,,,,,,,,,,,,,,,,,,,,,,,,
HeavyTowPro - C2 Heavy Duty & Commercial,,,Paused,,,fleet maintenance,Negative Phrase,,,,,,,,,,,,,,,,,,,,,,,,,,,,,,,,,,,,,,,,,,,,,
HeavyTowPro - C2 Heavy Duty & Commercial,,,Paused,,,DOT inspection,Negative Phrase,,,,,,,,,,,,,,,,,,,,,,,,,,,,,,,,,,,,,,,,,,,,,
HeavyTowPro - C2 Heavy Duty & Commercial,,,Paused,,,FMCSA compliance,Negative Phrase,,,,,,,,,,,,,,,,,,,,,,,,,,,,,,,,,,,,,,,,,,,,,
HeavyTowPro - C2 Heavy Duty & Commercial,,,Paused,,,truck stop,Negative Phrase,,,,,,,,,,,,,,,,,,,,,,,,,,,,,,,,,,,,,,,,,,,,,
HeavyTowPro - C1 Light & Medium Duty Towing,,,Paused,,,boat towing,Negative Phrase,,,,,,,,,,,,,,,,,,,,,,,,,,,,,,,,,,,,,,,,,,,,,
HeavyTowPro - C2 Heavy Duty & Commercial,,,Paused,,,boat towing,Negative Phrase,,,,,,,,,,,,,,,,,,,,,,,,,,,,,,,,,,,,,,,,,,,,,
HeavyTowPro - C1 Light & Medium Duty Towing,,,Paused,,,boat trailer towing,Negative Phrase,,,,,,,,,,,,,,,,,,,,,,,,,,,,,,,,,,,,,,,,,,,,,
HeavyTowPro - C2 Heavy Duty & Commercial,,,Paused,,,boat trailer towing,Negative Phrase,,,,,,,,,,,,,,,,,,,,,,,,,,,,,,,,,,,,,,,,,,,,,
HeavyTowPro - C1 Light & Medium Duty Towing,,,Paused,,,RV towing guide,Negative Phrase,,,,,,,,,,,,,,,,,,,,,,,,,,,,,,,,,,,,,,,,,,,,,
HeavyTowPro - C1 Light & Medium Duty Towing,,,Paused,,,horse trailer towing,Negative Phrase,,,,,,,,,,,,,,,,,,,,,,,,,,,,,,,,,,,,,,,,,,,,,
HeavyTowPro - C2 Heavy Duty & Commercial,,,Paused,,,horse trailer towing,Negative Phrase,,,,,,,,,,,,,,,,,,,,,,,,,,,,,,,,,,,,,,,,,,,,,
HeavyTowPro - C1 Light & Medium Duty Towing,,,Paused,,,livestock trailer towing,Negative Phrase,,,,,,,,,,,,,,,,,,,,,,,,,,,,,,,,,,,,,,,,,,,,,
HeavyTowPro - C2 Heavy Duty & Commercial,,,Paused,,,livestock trailer towing,Negative Phrase,,,,,,,,,,,,,,,,,,,,,,,,,,,,,,,,,,,,,,,,,,,,,
HeavyTowPro - C1 Light & Medium Duty Towing,,,Paused,,,trailer towing tips,Negative Phrase,,,,,,,,,,,,,,,,,,,,,,,,,,,,,,,,,,,,,,,,,,,,,
HeavyTowPro - C2 Heavy Duty & Commercial,,,Paused,,,trailer towing tips,Negative Phrase,,,,,,,,,,,,,,,,,,,,,,,,,,,,,,,,,,,,,,,,,,,,,
HeavyTowPro - C1 Light & Medium Duty Towing,,,Paused,,,fifth wheel towing,Negative Phrase,,,,,,,,,,,,,,,,,,,,,,,,,,,,,,,,,,,,,,,,,,,,,
HeavyTowPro - C2 Heavy Duty & Commercial,,,Paused,,,fifth wheel towing,Negative Phrase,,,,,,,,,,,,,,,,,,,,,,,,,,,,,,,,,,,,,,,,,,,,,
HeavyTowPro - C1 Light & Medium Duty Towing,,,Paused,,,towing a travel trailer,Negative Phrase,,,,,,,,,,,,,,,,,,,,,,,,,,,,,,,,,,,,,,,,,,,,,
HeavyTowPro - C2 Heavy Duty & Commercial,,,Paused,,,towing a travel trailer,Negative Phrase,,,,,,,,,,,,,,,,,,,,,,,,,,,,,,,,,,,,,,,,,,,,,
HeavyTowPro - C1 Light & Medium Duty Towing,,,Paused,,,camper towing,Negative Phrase,,,,,,,,,,,,,,,,,,,,,,,,,,,,,,,,,,,,,,,,,,,,,
HeavyTowPro - C2 Heavy Duty & Commercial,,,Paused,,,camper towing,Negative Phrase,,,,,,,,,,,,,,,,,,,,,,,,,,,,,,,,,,,,,,,,,,,,,
HeavyTowPro - C1 Light & Medium Duty Towing,,,Paused,,,toy hauler towing,Negative Phrase,,,,,,,,,,,,,,,,,,,,,,,,,,,,,,,,,,,,,,,,,,,,,
HeavyTowPro - C2 Heavy Duty & Commercial,,,Paused,,,toy hauler towing,Negative Phrase,,,,,,,,,,,,,,,,,,,,,,,,,,,,,,,,,,,,,,,,,,,,,
HeavyTowPro - C1 Light & Medium Duty Towing,,,Paused,,,towing simulator,Negative Phrase,,,,,,,,,,,,,,,,,,,,,,,,,,,,,,,,,,,,,,,,,,,,,
HeavyTowPro - C2 Heavy Duty & Commercial,,,Paused,,,towing simulator,Negative Phrase,,,,,,,,,,,,,,,,,,,,,,,,,,,,,,,,,,,,,,,,,,,,,
HeavyTowPro - C1 Light & Medium Duty Towing,,,Paused,,,truck simulator,Negative Phrase,,,,,,,,,,,,,,,,,,,,,,,,,,,,,,,,,,,,,,,,,,,,,
HeavyTowPro - C2 Heavy Duty & Commercial,,,Paused,,,truck simulator,Negative Phrase,,,,,,,,,,,,,,,,,,,,,,,,,,,,,,,,,,,,,,,,,,,,,
HeavyTowPro - C1 Light & Medium Duty Towing,,,Paused,,,towing game,Negative Phrase,,,,,,,,,,,,,,,,,,,,,,,,,,,,,,,,,,,,,,,,,,,,,
HeavyTowPro - C2 Heavy Duty & Commercial,,,Paused,,,towing game,Negative Phrase,,,,,,,,,,,,,,,,,,,,,,,,,,,,,,,,,,,,,,,,,,,,,
HeavyTowPro - C1 Light & Medium Duty Towing,,,Paused,,,towing video,Negative Phrase,,,,,,,,,,,,,,,,,,,,,,,,,,,,,,,,,,,,,,,,,,,,,
HeavyTowPro - C2 Heavy Duty & Commercial,,,Paused,,,towing video,Negative Phrase,,,,,,,,,,,,,,,,,,,,,,,,,,,,,,,,,,,,,,,,,,,,,
HeavyTowPro - C1 Light & Medium Duty Towing,,,Paused,,,towing documentary,Negative Phrase,,,,,,,,,,,,,,,,,,,,,,,,,,,,,,,,,,,,,,,,,,,,,
HeavyTowPro - C2 Heavy Duty & Commercial,,,Paused,,,towing documentary,Negative Phrase,,,,,,,,,,,,,,,,,,,,,,,,,,,,,,,,,,,,,,,,,,,,,
HeavyTowPro - C1 Light & Medium Duty Towing,,,Paused,,,towing YouTube,Negative Phrase,,,,,,,,,,,,,,,,,,,,,,,,,,,,,,,,,,,,,,,,,,,,,
HeavyTowPro - C2 Heavy Duty & Commercial,,,Paused,,,towing YouTube,Negative Phrase,,,,,,,,,,,,,,,,,,,,,,,,,,,,,,,,,,,,,,,,,,,,,
HeavyTowPro - C1 Light & Medium Duty Towing,,,Paused,,,wrecker YouTube,Negative Phrase,,,,,,,,,,,,,,,,,,,,,,,,,,,,,,,,,,,,,,,,,,,,,
HeavyTowPro - C2 Heavy Duty & Commercial,,,Paused,,,wrecker YouTube,Negative Phrase,,,,,,,,,,,,,,,,,,,,,,,,,,,,,,,,,,,,,,,,,,,,,
HeavyTowPro - C1 Light & Medium Duty Towing,,,Paused,,,towing meme,Negative Phrase,,,,,,,,,,,,,,,,,,,,,,,,,,,,,,,,,,,,,,,,,,,,,
HeavyTowPro - C2 Heavy Duty & Commercial,,,Paused,,,towing meme,Negative Phrase,,,,,,,,,,,,,,,,,,,,,,,,,,,,,,,,,,,,,,,,,,,,,
HeavyTowPro - C1 Light & Medium Duty Towing,,,Paused,,,towing show,Negative Phrase,,,,,,,,,,,,,,,,,,,,,,,,,,,,,,,,,,,,,,,,,,,,,
HeavyTowPro - C2 Heavy Duty & Commercial,,,Paused,,,towing show,Negative Phrase,,,,,,,,,,,,,,,,,,,,,,,,,,,,,,,,,,,,,,,,,,,,,
HeavyTowPro - C1 Light & Medium Duty Towing,,,Paused,,,types of tow trucks,Negative Phrase,,,,,,,,,,,,,,,,,,,,,,,,,,,,,,,,,,,,,,,,,,,,,
HeavyTowPro - C2 Heavy Duty & Commercial,,,Paused,,,types of tow trucks,Negative Phrase,,,,,,,,,,,,,,,,,,,,,,,,,,,,,,,,,,,,,,,,,,,,,
HeavyTowPro - C1 Light & Medium Duty Towing,,,Paused,,,how does towing work,Negative Phrase,,,,,,,,,,,,,,,,,,,,,,,,,,,,,,,,,,,,,,,,,,,,,
HeavyTowPro - C2 Heavy Duty & Commercial,,,Paused,,,how does towing work,Negative Phrase,,,,,,,,,,,,,,,,,,,,,,,,,,,,,,,,,,,,,,,,,,,,,
HeavyTowPro - C1 Light & Medium Duty Towing,,,Paused,,,how do tow trucks work,Negative Phrase,,,,,,,,,,,,,,,,,,,,,,,,,,,,,,,,,,,,,,,,,,,,,
HeavyTowPro - C2 Heavy Duty & Commercial,,,Paused,,,how do tow trucks work,Negative Phrase,,,,,,,,,,,,,,,,,,,,,,,,,,,,,,,,,,,,,,,,,,,,,
HeavyTowPro - C1 Light & Medium Duty Towing,,,Paused,,,towing explained,Negative Phrase,,,,,,,,,,,,,,,,,,,,,,,,,,,,,,,,,,,,,,,,,,,,,
HeavyTowPro - C2 Heavy Duty & Commercial,,,Paused,,,towing explained,Negative Phrase,,,,,,,,,,,,,,,,,,,,,,,,,,,,,,,,,,,,,,,,,,,,,
HeavyTowPro - C2 Heavy Duty & Commercial,,,Paused,,,what is a rotator,Negative Phrase,,,,,,,,,,,,,,,,,,,,,,,,,,,,,,,,,,,,,,,,,,,,,
HeavyTowPro - C1 Light & Medium Duty Towing,,,Paused,,,what is a wrecker,Negative Phrase,,,,,,,,,,,,,,,,,,,,,,,,,,,,,,,,,,,,,,,,,,,,,
HeavyTowPro - C2 Heavy Duty & Commercial,,,Paused,,,what is a wrecker,Negative Phrase,,,,,,,,,,,,,,,,,,,,,,,,,,,,,,,,,,,,,,,,,,,,,
HeavyTowPro - C1 Light & Medium Duty Towing,,,Paused,,,what is a flatbed tow truck,Negative Phrase,,,,,,,,,,,,,,,,,,,,,,,,,,,,,,,,,,,,,,,,,,,,,
HeavyTowPro - C2 Heavy Duty & Commercial,,,Paused,,,what is a flatbed tow truck,Negative Phrase,,,,,,,,,,,,,,,,,,,,,,,,,,,,,,,,,,,,,,,,,,,,,
HeavyTowPro - C1 Light & Medium Duty Towing,,,Paused,,,towing industry,Negative Phrase,,,,,,,,,,,,,,,,,,,,,,,,,,,,,,,,,,,,,,,,,,,,,
HeavyTowPro - C2 Heavy Duty & Commercial,,,Paused,,,towing industry,Negative Phrase,,,,,,,,,,,,,,,,,,,,,,,,,,,,,,,,,,,,,,,,,,,,,
HeavyTowPro - C1 Light & Medium Duty Towing,,,Paused,,,towing statistics,Negative Phrase,,,,,,,,,,,,,,,,,,,,,,,,,,,,,,,,,,,,,,,,,,,,,
HeavyTowPro - C2 Heavy Duty & Commercial,,,Paused,,,towing statistics,Negative Phrase,,,,,,,,,,,,,,,,,,,,,,,,,,,,,,,,,,,,,,,,,,,,,
HeavyTowPro - C1 Light & Medium Duty Towing,,,Paused,,,towing history,Negative Phrase,,,,,,,,,,,,,,,,,,,,,,,,,,,,,,,,,,,,,,,,,,,,,
HeavyTowPro - C2 Heavy Duty & Commercial,,,Paused,,,towing history,Negative Phrase,,,,,,,,,,,,,,,,,,,,,,,,,,,,,,,,,,,,,,,,,,,,,
HeavyTowPro - C1 Light & Medium Duty Towing,,,Paused,,,towing market,Negative Phrase,,,,,,,,,,,,,,,,,,,,,,,,,,,,,,,,,,,,,,,,,,,,,
HeavyTowPro - C2 Heavy Duty & Commercial,,,Paused,,,towing market,Negative Phrase,,,,,,,,,,,,,,,,,,,,,,,,,,,,,,,,,,,,,,,,,,,,,
HeavyTowPro - C1 Light & Medium Duty Towing,,,Paused,,,tow truck wiki,Negative Phrase,,,,,,,,,,,,,,,,,,,,,,,,,,,,,,,,,,,,,,,,,,,,,
HeavyTowPro - C2 Heavy Duty & Commercial,,,Paused,,,tow truck wiki,Negative Phrase,,,,,,,,,,,,,,,,,,,,,,,,,,,,,,,,,,,,,,,,,,,,,
